word,language,definition,pronunciation,reading_search,is_common
人,chinese,man,rén,ren,0
人,chinese,people,rén,ren,0
人,chinese,mankind,rén,ren,0
人,chinese,someone else,rén,ren,0
人,chinese,man,rén,ren,0
人,chinese,person,rén,ren,0
人,chinese,people,rén,ren,0
人,chinese,"CL:個|个[gè],位[wèi]",rén,ren,0
學,chinese,"learning, knowledge",xué,xue,0
學,chinese,school,xué,xue,0
學,chinese,"learning, knowledge",xué,xue,0
學,chinese,school,xué,xue,0
學,chinese,to learn,xué,xue,0
學,chinese,to study,xué,xue,0
學,chinese,to imitate,xué,xue,0
學,chinese,science,xué,xue,0
學,chinese,-ology,xué,xue,0
上學,chinese,to go to school,shàng​xué,shangxue,0
上學,chinese,to attend school,shàng​xué,shangxue,0
丈人,chinese,wife's father (father-in-law),zhàng​rén,zhangren,0
丈人,chinese,old man,zhàng​rén,zhangren,0
主人,chinese,master,zhǔ​rén,zhuren,0
主人,chinese,host,zhǔ​rén,zhuren,0
主人,chinese,owner,zhǔ​rén,zhuren,0
主人,chinese,CL:個|个[gè],zhǔ​rén,zhuren,0
人肉,chinese,to crowdsource information about sb or sth (abbr. for 人肉搜索[rén​ròu​sōu​suǒ]),rén​ròu,renrou,0
人肉,chinese,"human (used attributively, as in 人肉盾牌[rén​ròu​dùn​pái], human shield)",rén​ròu,renrou,0
人脈,chinese,contacts,rén​mài,renmai,0
人脈,chinese,connections,rén​mài,renmai,0
人脈,chinese,network,rén​mài,renmai,0
人臣,chinese,an official (in former times),rén​chén,renchen,0
人蛇,chinese,illegal immigrant,rén​shé,renshe,0
人設,chinese,"the design of a character (in games, manga etc) (abbr. for 人物設定|人物设定)",rén​shè,renshe,0
人設,chinese,(fig.) (a celebrity or other public figure's) image in the eyes of the public,rén​shè,renshe,0
人設,chinese,public persona,rén​shè,renshe,0
人證,chinese,witness testimony,rén​zhèng,renzheng,0
人資,chinese,abbr. of 人力資源|人力资源[rén​lì​zī​yuán],rén​zī,renzi,0
人質,chinese,hostage,rén​zhì,renzhi,0
人身,chinese,person,rén​shēn,renshen,0
人身,chinese,personal,rén​shēn,renshen,0
人身,chinese,human body,rén​shēn,renshen,0
人造,chinese,man-made,rén​zào,renzao,0
人造,chinese,artificial,rén​zào,renzao,0
人造,chinese,synthetic,rén​zào,renzao,0
人道,chinese,human sympathy,rén​dào,rendao,0
人道,chinese,humanitarianism,rén​dào,rendao,0
人道,chinese,humane,rén​dào,rendao,0
人道,chinese,"the ""human way"", one of the stages in the cycle of reincarnation (Buddhism)",rén​dào,rendao,0
人道,chinese,sexual intercourse,rén​dào,rendao,0
人選,chinese,choice of person,rén​xuǎn,renxuan,0
人選,chinese,candidate,rén​xuǎn,renxuan,0
人間,chinese,the human world,rén​jiān,renjian,0
人間,chinese,the earth,rén​jiān,renjian,0
人際,chinese,human relationships,rén​jì,renji,0
人際,chinese,interpersonal,rén​jì,renji,0
人頭,chinese,person,rén​tóu,rentou,0
人頭,chinese,number of people,rén​tóu,rentou,0
人頭,chinese,(per) capita,rén​tóu,rentou,0
人頭,chinese,(a person's) head,rén​tóu,rentou,0
人頭,chinese,(Tw) person whose identity is used by sb else (e.g. to create a bogus account),rén​tóu,rentou,0
人類,chinese,humanity,rén​lèi,renlei,0
人類,chinese,human race,rén​lèi,renlei,0
人類,chinese,mankind,rén​lèi,renlei,0
人馬,chinese,men and horses,rén​mǎ,renma,0
人馬,chinese,troops,rén​mǎ,renma,0
人馬,chinese,group of people,rén​mǎ,renma,0
人馬,chinese,troop,rén​mǎ,renma,0
人馬,chinese,staff,rén​mǎ,renma,0
人馬,chinese,centaur,rén​mǎ,renma,0
人體,chinese,human body,rén​tǐ,renti,0
人魚,chinese,mermaid,rén​yú,renyu,0
人魚,chinese,dugong,rén​yú,renyu,0
人魚,chinese,sea cow,rén​yú,renyu,0
人魚,chinese,manatee,rén​yú,renyu,0
人魚,chinese,giant salamander,rén​yú,renyu,0
人龍,chinese,a queue of people,rén​lóng,renlong,0
仇人,chinese,foe,chóu​rén,chouren,0
仇人,chinese,one's personal enemy,chóu​rén,chouren,0
今人,chinese,modern people,jīn​rén,jinren,0
他人,chinese,another,tā​rén,taren,0
他人,chinese,sb else,tā​rén,taren,0
他人,chinese,other people,tā​rén,taren,0
仙人,chinese,Daoist immortal,xiān​rén,xianren,0
仙人,chinese,celestial being,xiān​rén,xianren,0
令人,chinese,to cause one (to do sth),lìng​rén,lingren,0
令人,chinese,"to make one (angry, delighted etc)",lìng​rén,lingren,0
丟人,chinese,to lose face,diū​rén,diuren,0
中人,chinese,go-between,zhōng​rén,zhongren,0
中人,chinese,mediator,zhōng​rén,zhongren,0
中人,chinese,intermediary,zhōng​rén,zhongren,0
中學,chinese,middle school,zhōng​xué,zhongxue,0
中學,chinese,CL:個|个[gè],zhōng​xué,zhongxue,0
K人,chinese,(slang) to hit sb,K ​rén,k ren,0
K人,chinese,to beat sb,K ​rén,k ren,0
個人,chinese,individual,gè​rén,geren,0
個人,chinese,personal,gè​rén,geren,0
個人,chinese,oneself,gè​rén,geren,0
人丁,chinese,number of people in a family,rén​dīng,rending,0
人丁,chinese,population,rén​dīng,rending,0
人丁,chinese,(old) adult males,rén​dīng,rending,0
人丁,chinese,male servants,rén​dīng,rending,0
人世,chinese,the world,rén​shì,renshi,0
人世,chinese,this world,rén​shì,renshi,0
人世,chinese,the world of the living,rén​shì,renshi,0
人中,chinese,philtrum,rén​zhōng,renzhong,0
人中,chinese,infranasal depression,rén​zhōng,renzhong,0
人中,chinese,"the ""human center"" acupuncture point",rén​zhōng,renzhong,0
人事,chinese,personnel,rén​shì,renshi,0
人事,chinese,human resources,rén​shì,renshi,0
人事,chinese,human affairs,rén​shì,renshi,0
人事,chinese,ways of the world,rén​shì,renshi,0
人事,chinese,(euphemism) sexuality,rén​shì,renshi,0
人事,chinese,the facts of life,rén​shì,renshi,0
人人,chinese,everyone,rén​rén,renren,0
人人,chinese,every person,rén​rén,renren,0
人保,chinese,personal guarantee,rén​bǎo,renbao,0
人保,chinese,to sign as guarantor,rén​bǎo,renbao,0
人們,chinese,people,rén​men,renmen,0
人偶,chinese,puppet,rén​'ǒu,ren'ou,0
人偶,chinese,figure,rén​'ǒu,ren'ou,0
人傑,chinese,outstanding talent,rén​jié,renjie,0
人傑,chinese,wise and able person,rén​jié,renjie,0
人傑,chinese,illustrious individual,rén​jié,renjie,0
人像,chinese,"likeness of a person (sketch, photo, sculpture etc)",rén​xiàng,renxiang,0
人兒,chinese,figurine,rén​r,renr,0
人力,chinese,manpower,rén​lì,renli,0
人力,chinese,labor power,rén​lì,renli,0
人勢,chinese,(human) penis (TCM),rén​shì,renshi,0
人參,chinese,ginseng,rén​shēn,renshen,0
人叢,chinese,crowd of people,rén​cóng,rencong,0
人口,chinese,population,rén​kǒu,renkou,0
人口,chinese,people,rén​kǒu,renkou,0
人名,chinese,personal name,rén​míng,renming,0
人命,chinese,human life,rén​mìng,renming,0
人命,chinese,CL:條|条[tiáo],rén​mìng,renming,0
人品,chinese,moral standing,rén​pǐn,renpin,0
人品,chinese,moral quality,rén​pǐn,renpin,0
人品,chinese,character,rén​pǐn,renpin,0
人品,chinese,personality,rén​pǐn,renpin,0
人品,chinese,appearance,rén​pǐn,renpin,0
人品,chinese,looks (colloquial),rén​pǐn,renpin,0
人品,chinese,bearing,rén​pǐn,renpin,0
人員,chinese,staff,rén​yuán,renyuan,0
人員,chinese,crew,rén​yuán,renyuan,0
人員,chinese,personnel,rén​yuán,renyuan,0
人員,chinese,CL:個|个[gè],rén​yuán,renyuan,0
人均,chinese,per capita,rén​jūn,renjun,0
人士,chinese,person,rén​shì,renshi,0
人士,chinese,figure,rén​shì,renshi,0
人士,chinese,public figure,rén​shì,renshi,0
人大,chinese,(Chinese) National People's Congress (abbr. for 全國人民代表大會|全国人民代表大会[Quán​guó​Rén​mín​Dài​biǎo​Dà​huì]),Rén​dà,renda,0
人大,chinese,Renmin University of China (abbr. for 中國人民大學|中国人民大学[Zhōng​guó​Rén​mín​Dà​xué]),Rén​dà,renda,0
人妖,chinese,transvestite,rén​yāo,renyao,0
人妖,chinese,transsexual,rén​yāo,renyao,0
人妖,chinese,ladyboy,rén​yāo,renyao,0
人子,chinese,son of man,rén​zǐ,renzi,0
人定,chinese,middle of the night,rén​dìng,rending,0
人定,chinese,the dead of night,rén​dìng,rending,0
人家,chinese,household,rén​jiā,renjia,0
人家,chinese,dwelling,rén​jiā,renjia,0
人家,chinese,family,rén​jiā,renjia,0
人家,chinese,sb else's house,rén​jiā,renjia,0
人家,chinese,household business,rén​jiā,renjia,0
人家,chinese,house of woman's husband-to-be,rén​jiā,renjia,0
人家,chinese,"CL:戶|户[hù],家[jiā]",rén​jiā,renjia,0
人家,chinese,other people,rén​jia,renjia,0
人家,chinese,sb else,rén​jia,renjia,0
人家,chinese,"he, she or they",rén​jia,renjia,0
人家,chinese,"I, me (referring to oneself as ""one"" or ""people"")",rén​jia,renjia,0
人寰,chinese,world,rén​huán,renhuan,0
人寰,chinese,earthly world,rén​huán,renhuan,0
人居,chinese,human habitat,rén​jū,renju,0
人工,chinese,artificial,rén​gōng,rengong,0
人工,chinese,manpower,rén​gōng,rengong,0
人工,chinese,manual work,rén​gōng,rengong,0
人形,chinese,human shape,rén​xíng,renxing,0
人形,chinese,in human form,rén​xíng,renxing,0
人形,chinese,of human appearance,rén​xíng,renxing,0
人形,chinese,doll,rén​xíng,renxing,0
人形,chinese,puppet,rén​xíng,renxing,0
人從,chinese,retinue,rén​cóng,rencong,0
人從,chinese,hangers-on,rén​cóng,rencong,0
人心,chinese,popular feeling,rén​xīn,renxin,0
人心,chinese,the will of the people,rén​xīn,renxin,0
人性,chinese,human nature,rén​xìng,renxing,0
人性,chinese,humanity,rén​xìng,renxing,0
人性,chinese,human,rén​xìng,renxing,0
人性,chinese,the totality of human attributes,rén​xìng,renxing,0
人情,chinese,human emotions,rén​qíng,renqing,0
人情,chinese,social relationship,rén​qíng,renqing,0
人情,chinese,friendship,rén​qíng,renqing,0
人情,chinese,favor,rén​qíng,renqing,0
人情,chinese,a good turn,rén​qíng,renqing,0
人意,chinese,people's expectations,rén​yì,renyi,0
人手,chinese,manpower,rén​shǒu,renshou,0
人手,chinese,staff,rén​shǒu,renshou,0
人手,chinese,human hand,rén​shǒu,renshou,0
人才,chinese,talent,rén​cái,rencai,0
人才,chinese,talented person,rén​cái,rencai,0
人才,chinese,looks,rén​cái,rencai,0
人才,chinese,attractive looks,rén​cái,rencai,0
人數,chinese,number of people,rén​shù,renshu,0
人文,chinese,humanities,rén​wén,renwen,0
人文,chinese,human affairs,rén​wén,renwen,0
人文,chinese,culture,rén​wén,renwen,0
人族,chinese,Hominini,rén​zú,renzu,0
人材,chinese,variant of 人才[rén​cái],rén​cái,rencai,0
人格,chinese,personality,rén​gé,renge,0
人格,chinese,integrity,rén​gé,renge,0
人格,chinese,dignity,rén​gé,renge,0
人權,chinese,human rights,rén​quán,renquan,0
人次,chinese,person-times,rén​cì,renci,0
人次,chinese,visits,rén​cì,renci,0
人次,chinese,classifier for number of people participating,rén​cì,renci,0
人武,chinese,armed forces,rén​wǔ,renwu,0
人氏,chinese,native,rén​shì,renshi,0
人氏,chinese,person from a particular place,rén​shì,renshi,0
人民,chinese,the people,rén​mín,renmin,0
人民,chinese,CL:個|个[gè],rén​mín,renmin,0
人氣,chinese,popularity,rén​qì,renqi,0
人氣,chinese,personality,rén​qì,renqi,0
人氣,chinese,character,rén​qì,renqi,0
人治,chinese,rule of man,rén​zhì,renzhi,0
人流,chinese,stream of people,rén​liú,renliu,0
人流,chinese,abortion,rén​liú,renliu,0
人流,chinese,abbr. for 人工流產|人工流产[rén​gōng​liú​chǎn],rén​liú,renliu,0
人海,chinese,a multitude,rén​hǎi,renhai,0
人海,chinese,a sea of people,rén​hǎi,renhai,0
人渣,chinese,dregs of society,rén​zhā,renzha,0
人渣,chinese,scum,rén​zhā,renzha,0
人潮,chinese,a tide of people,rén​cháo,renchao,0
人為,chinese,artificial,rén​wéi,renwei,0
人為,chinese,man-made,rén​wéi,renwei,0
人為,chinese,having human cause or origin,rén​wéi,renwei,0
人為,chinese,human attempt or effort,rén​wéi,renwei,0
人煙,chinese,sign of human habitation,rén​yān,renyan,0
人牆,chinese,wall (soccer),rén​qiáng,renqiang,0
人物,chinese,person,rén​wù,renwu,0
人物,chinese,"character (in a play, novel etc)",rén​wù,renwu,0
人物,chinese,protagonist,rén​wù,renwu,0
人物,chinese,CL:個|个[gè],rén​wù,renwu,0
人犯,chinese,criminal,rén​fàn,renfan,0
人犯,chinese,culprit,rén​fàn,renfan,0
人犯,chinese,suspect (old),rén​fàn,renfan,0
人猿,chinese,orangutan,rén​yuán,renyuan,0
人生,chinese,life (one's time on earth),rén​shēng,rensheng,0
人相,chinese,physiognomy,rén​xiàng,renxiang,0
人禍,chinese,human disaster,rén​huò,renhuo,0
人種,chinese,race (of people),rén​zhǒng,renzhong,0
人稱,chinese,"person (first person, second person etc in grammar)",rén​chēng,rencheng,0
人稱,chinese,called,rén​chēng,rencheng,0
人稱,chinese,known as,rén​chēng,rencheng,0
人精,chinese,sophisticate,rén​jīng,renjing,0
人精,chinese,man with extensive experience,rén​jīng,renjing,0
人精,chinese,child prodigy,rén​jīng,renjing,0
人精,chinese,Wunderkind (i.e. brilliant child),rén​jīng,renjing,0
人精,chinese,spirit within a person (i.e. blood and essential breath 血氣|血气 of TCM),rén​jīng,renjing,0
人緣,chinese,relations with other people,rén​yuán,renyuan,0
人群,chinese,crowd,rén​qún,renqun,0
入學,chinese,to enter a school or college,rù​xué,ruxue,0
入學,chinese,to go to school for the first time as a child,rù​xué,ruxue,0
內人,chinese,my wife (humble),nèi​rén,neiren,0
侗人,chinese,people of the Dong ethnic minority,Dòng​rén,dongren,0
便人,chinese,sb who happens to be on hand for an errand,biàn​rén,bianren,0
俗人,chinese,common people,sú​rén,suren,0
俗人,chinese,laity (i.e. not priests),sú​rén,suren,0
保人,chinese,guarantor,bǎo​rén,baoren,0
保人,chinese,person paying bail,bǎo​rén,baoren,0
凡人,chinese,ordinary person,fán​rén,fanren,0
凡人,chinese,mortal,fán​rén,fanren,0
凡人,chinese,earthling,fán​rén,fanren,0
函人,chinese,armor maker,hán​rén,hanren,0
僧人,chinese,monk,sēng​rén,sengren,0
儉學,chinese,to deny oneself comforts in order to save money for one's education,jiǎn​xué,jianxue,0
儒學,chinese,Confucianism,Rú​xué,ruxue,0
先人,chinese,ancestors,xiān​rén,xianren,0
先人,chinese,previous generations,xiān​rén,xianren,0
先人,chinese,my late father,xiān​rén,xianren,0
光學,chinese,optics,guāng​xué,guangxue,0
光學,chinese,optical (instrument),guāng​xué,guangxue,0
動人,chinese,touching,dòng​rén,dongren,0
動人,chinese,moving,dòng​rén,dongren,0
乞人,chinese,beggar,qǐ​rén,qiren,0
原人,chinese,prehistoric man,yuán​rén,yuanren,0
原人,chinese,primitive man,yuán​rén,yuanren,0
任人,chinese,to appoint (sb to a post),rèn​rén,renren,0
伊人,chinese,(literary) that person (usually female),yī​rén,yiren,0
伊人,chinese,she,yī​rén,yiren,0
伊人,chinese,one's intended,yī​rén,yiren,0
休學,chinese,to suspend schooling,xiū​xué,xiuxue,0
休學,chinese,to defer study,xiū​xué,xiuxue,0
伶人,chinese,actor,líng​rén,lingren,0
伶人,chinese,actress,líng​rén,lingren,0
力學,chinese,mechanics,lì​xué,lixue,0
力學,chinese,to study hard,lì​xué,lixue,0
倭人,chinese,dwarf,wō​rén,woren,0
倭人,chinese,Japanese (derog.) (old),wō​rén,woren,0
假人,chinese,"dummy (for crash testing, displaying clothes etc)",jiǎ​rén,jiaren,0
偉人,chinese,great person,wěi​rén,weiren,0
做人,chinese,to conduct oneself,zuò​rén,zuoren,0
做人,chinese,to behave with integrity,zuò​rén,zuoren,0
偶人,chinese,idol (i.e. statue for worship),ǒu​rén,ouren,0
同人,chinese,people from the same workplace or profession,tóng​rén,tongren,0
同人,chinese,co-worker,tóng​rén,tongren,0
同人,chinese,colleague,tóng​rén,tongren,0
同人,chinese,pop culture enthusiasts who create fan fiction etc,tóng​rén,tongren,0
同學,chinese,to study at the same school,tóng​xué,tongxue,0
同學,chinese,fellow student,tóng​xué,tongxue,0
同學,chinese,classmate,tóng​xué,tongxue,0
同學,chinese,"CL:位[wèi],個|个[gè]",tóng​xué,tongxue,0
名人,chinese,personage,míng​rén,mingren,0
名人,chinese,celebrity,míng​rén,mingren,0
名學,chinese,(archaic term) logic,míng​xué,mingxue,0
博學,chinese,learned,bó​xué,boxue,0
博學,chinese,erudite,bó​xué,boxue,0
善人,chinese,philanthropist,shàn​rén,shanren,0
善人,chinese,charitable person,shàn​rén,shanren,0
善人,chinese,well-doer,shàn​rén,shanren,0
單人,chinese,one person,dān​rén,danren,0
單人,chinese,"single (room, bed etc)",dān​rén,danren,0
史學,chinese,historiography,shǐ​xué,shixue,0
吃人,chinese,exploitative,chī​rén,chiren,0
吃人,chinese,oppressive,chī​rén,chiren,0
各人,chinese,each one,gè​rén,geren,0
各人,chinese,everyone,gè​rén,geren,0
刑人,chinese,criminal to be executed,xíng​rén,xingren,0
刑人,chinese,to execute a criminal,xíng​rén,xingren,0
別人,chinese,other people,bié​ren,bieren,0
別人,chinese,others,bié​ren,bieren,0
別人,chinese,other person,bié​ren,bieren,0
土人,chinese,native,tǔ​rén,turen,0
土人,chinese,aborigine,tǔ​rén,turen,0
土人,chinese,clay figure,tǔ​rén,turen,0
哲人,chinese,wise man,zhé​rén,zheren,0
哲學,chinese,philosophy,zhé​xué,zhexue,0
哲學,chinese,CL:個|个[gè],zhé​xué,zhexue,0
唬人,chinese,to scare people,hǔ​rén,huren,0
唬人,chinese,to bluff,hǔ​rén,huren,0
唬人,chinese,to deceive,hǔ​rén,huren,0
商人,chinese,merchant,shāng​rén,shangren,0
商人,chinese,businessman,shāng​rén,shangren,0
商學,chinese,business studies,shāng​xué,shangxue,0
商學,chinese,commerce as an academic subject,shāng​xué,shangxue,0
世人,chinese,people (in general),shì​rén,shiren,0
世人,chinese,people around the world,shì​rén,shiren,0
世人,chinese,everyone,shì​rén,shiren,0
勸學,chinese,"On learning, classic book by Confucian philosopher Xun Zi 荀子 (c. 310-237 BC)",quàn​xué,quanxue,0
勾人,chinese,sexy,gōu​rén,gouren,0
勾人,chinese,seductive,gōu​rén,gouren,0
化學,chinese,chemistry,huà​xué,huaxue,0
化學,chinese,chemical,huà​xué,huaxue,0
大人,chinese,adult,dà​ren,daren,0
大人,chinese,grownup,dà​ren,daren,0
大人,chinese,title of respect toward superiors,dà​ren,daren,0
圉人,chinese,horse trainer,yǔ​rén,yuren,0
圉人,chinese,groom,yǔ​rén,yuren,0
國人,chinese,compatriots (literary),guó​rén,guoren,0
國人,chinese,fellow countrymen,guó​rén,guoren,0
國學,chinese,Chinese national culture,guó​xué,guoxue,0
國學,chinese,studies of ancient Chinese civilization,guó​xué,guoxue,0
國學,chinese,the Imperial College (history),guó​xué,guoxue,0
女人,chinese,woman,nǚ​rén,nvren,0
女人,chinese,wife,nǚ​ren,nvren,0
奸人,chinese,crafty scoundrel,jiān​rén,jianren,0
奸人,chinese,villain,jiān​rén,jianren,0
友人,chinese,friend,yǒu​rén,youren,0
壞人,chinese,bad person,huài​rén,huairen,0
壞人,chinese,villain,huài​rén,huairen,0
士人,chinese,scholar,shì​rén,shiren,0
外人,chinese,outsider,wài​rén,wairen,0
外人,chinese,foreigner,wài​rén,wairen,0
外人,chinese,stranger,wài​rén,wairen,0
何人,chinese,who,hé​rén,heren,0
佛學,chinese,Buddhist doctrine,Fó​xué,foxue,0
佛學,chinese,Buddhist studies,Fó​xué,foxue,0
作人,chinese,to conduct oneself,zuò​rén,zuoren,0
作人,chinese,same as 做人,zuò​rén,zuoren,0
佳人,chinese,beautiful woman,jiā​rén,jiaren,0
完人,chinese,perfect person,wán​rén,wanren,0
官學,chinese,school or academic institution (old),guān​xué,guanxue,0
吾人,chinese,(literary) we,wú​rén,wuren,0
吾人,chinese,us,wú​rén,wuren,0
太學,chinese,"Imperial College of Supreme Learning, established in 124 BC, and the highest educational institute in ancient China until the Sui Dynasty",Tài​xué,taixue,0
夫人,chinese,lady,fū​ren,furen,0
夫人,chinese,madam,fū​ren,furen,0
夫人,chinese,Mrs.,fū​ren,furen,0
夫人,chinese,CL:位[wèi],fū​ren,furen,0
失學,chinese,unable to go to school,shī​xué,shixue,0
失學,chinese,an interruption to one's education,shī​xué,shixue,0
奇人,chinese,an eccentric,qí​rén,qiren,0
奇人,chinese,odd person,qí​rén,qiren,0
奇人,chinese,person of extraordinary talent,qí​rén,qiren,0
小人,chinese,person of low social status (old),xiǎo​rén,xiaoren,0
小人,chinese,"I, me (used to refer humbly to oneself)",xiǎo​rén,xiaoren,0
小人,chinese,nasty person,xiǎo​rén,xiaoren,0
小人,chinese,vile character,xiǎo​rén,xiaoren,0
小學,chinese,elementary school,xiǎo​xué,xiaoxue,0
小學,chinese,primary school,xiǎo​xué,xiaoxue,0
小學,chinese,CL:個|个[gè],xiǎo​xué,xiaoxue,0
傭人,chinese,servant,yōng​rén,yongren,0
傲人,chinese,worthy of pride,ào​rén,aoren,0
傲人,chinese,impressive,ào​rén,aoren,0
傲人,chinese,enviable,ào​rén,aoren,0
傳人,chinese,to teach,chuán​rén,chuanren,0
傳人,chinese,to impart,chuán​rén,chuanren,0
傳人,chinese,a disciple,chuán​rén,chuanren,0
傳人,chinese,descendant,chuán​rén,chuanren,0
傷人,chinese,to injure sb,shāng​rén,shangren,0
僕人,chinese,servant,pú​rén,puren,0
學乖,chinese,to learn from experience (coll.),xué​guāi,xueguai,0
學人,chinese,scholar,xué​rén,xueren,0
學人,chinese,learned person,xué​rén,xueren,0
學位,chinese,academic degree,xué​wèi,xuewei,0
學位,chinese,place in school,xué​wèi,xuewei,0
學分,chinese,course credit,xué​fēn,xuefen,0
學制,chinese,educational system,xué​zhì,xuezhi,0
學制,chinese,length of schooling,xué​zhì,xuezhi,0
學力,chinese,scholastic attainments,xué​lì,xueli,0
學區,chinese,school district,xué​qū,xuequ,0
學名,chinese,scientific name,xué​míng,xueming,0
學名,chinese,Latin name (of plant or animal),xué​míng,xueming,0
學名,chinese,"(according to an old system of nomenclature) on entering school life, a formal personal name given to new students",xué​míng,xueming,0
學員,chinese,student,xué​yuán,xueyuan,0
學員,chinese,member of an institution of learning,xué​yuán,xueyuan,0
學員,chinese,officer cadet,xué​yuán,xueyuan,0
學問,chinese,learning,xué​wèn,xuewen,0
學問,chinese,knowledge,xué​wèn,xuewen,0
學問,chinese,CL:個|个[gè],xué​wèn,xuewen,0
學園,chinese,academy,xué​yuán,xueyuan,0
學園,chinese,campus,xué​yuán,xueyuan,0
學堂,chinese,college,xué​táng,xuetang,0
學堂,chinese,school (old),xué​táng,xuetang,0
學報,chinese,a scholarly journal,xué​bào,xuebao,0
學報,chinese,"Journal, Bulletin etc",xué​bào,xuebao,0
學壞,chinese,to follow bad examples,xué​huài,xuehuai,0
學壞,chinese,to be corrupted by bad examples,xué​huài,xuehuai,0
學士,chinese,bachelor's degree,xué​shì,xueshi,0
學士,chinese,person holding a university degree,xué​shì,xueshi,0
學好,chinese,to follow good examples,xué​hǎo,xuehao,0
學妹,chinese,junior or younger female schoolmate,xué​mèi,xuemei,0
學姐,chinese,senior or older female schoolmate,xué​jiě,xuejie,0
學子,chinese,(literary) student,xué​zǐ,xuezi,0
學子,chinese,scholar,xué​zǐ,xuezi,0
學年,chinese,academic year,xué​nián,xuenian,0
學府,chinese,educational establishment,xué​fǔ,xuefu,0
學弟,chinese,junior or younger male schoolmate,xué​dì,xuedi,0
學徒,chinese,apprentice,xué​tú,xuetu,0
學摸,chinese,variant of 踅摸[xué​mo],xué​mo,xuemo,0
學時,chinese,class hour,xué​shí,xueshi,0
學時,chinese,period,xué​shí,xueshi,0
學會,chinese,to learn,xué​huì,xuehui,0
學會,chinese,to master,xué​huì,xuehui,0
學會,chinese,institute,xué​huì,xuehui,0
學會,chinese,learned society,xué​huì,xuehui,0
學會,chinese,(scholarly) association,xué​huì,xuehui,0
學期,chinese,term,xué​qī,xueqi,0
學期,chinese,semester,xué​qī,xueqi,0
學期,chinese,CL:個|个[gè],xué​qī,xueqi,0
學校,chinese,school,xué​xiào,xuexiao,0
學校,chinese,CL:所[suǒ],xué​xiào,xuexiao,0
學業,chinese,studies,xué​yè,xueye,0
學業,chinese,schoolwork,xué​yè,xueye,0
學樣,chinese,to follow suit,xué​yàng,xueyang,0
學樣,chinese,to imitate sb's example,xué​yàng,xueyang,0
學步,chinese,to learn to walk,xué​bù,xuebu,0
學步,chinese,"(fig.) to learn sth, making unsteady progress",xué​bù,xuebu,0
學步,chinese,to get started on the learning curve,xué​bù,xuebu,0
學歷,chinese,educational background,xué​lì,xueli,0
學歷,chinese,academic qualifications,xué​lì,xueli,0
學派,chinese,school of thought,xué​pài,xuepai,0
學海,chinese,sea of learning,xué​hǎi,xuehai,0
學海,chinese,erudite,xué​hǎi,xuehai,0
學海,chinese,knowledgeable person,xué​hǎi,xuehai,0
學海,chinese,scholarship,xué​hǎi,xuehai,0
學渣,chinese,"(coll.) unenthusiastic, mediocre student",xué​zhā,xuezha,0
學渣,chinese,underachiever,xué​zhā,xuezha,0
學測,chinese,abbr. for 大學學科能力測驗|大学学科能力测验[Dà​xué​Xué​kē​Néng​lì​Cè​yàn],Xué​cè,xuece,0
學潮,chinese,student protest,xué​cháo,xuechao,0
學潮,chinese,campus unrest,xué​cháo,xuechao,0
學理,chinese,scientific principle,xué​lǐ,xueli,0
學理,chinese,theoretical standpoint,xué​lǐ,xueli,0
學生,chinese,student,xué​sheng,xuesheng,0
學生,chinese,schoolchild,xué​sheng,xuesheng,0
學甲,chinese,"Hsuehchia town in Tainan county 台南縣|台南县[Tái​nán​xiàn], Taiwan",Xué​jiǎ,xuejia,0
學界,chinese,academic world,xué​jiè,xuejie,0
學界,chinese,academic circles,xué​jiè,xuejie,0
學界,chinese,academia,xué​jiè,xuejie,0
學監,chinese,school official responsible for supervising the students (old),xué​jiān,xuejian,0
學科,chinese,subject,xué​kē,xueke,0
學科,chinese,branch of learning,xué​kē,xueke,0
學科,chinese,course,xué​kē,xueke,0
學科,chinese,academic discipline,xué​kē,xueke,0
學究,chinese,pedant,xué​jiū,xuejiu,0
學童,chinese,schoolchild,xué​tóng,xuetong,0
學籍,chinese,registration as a current student,xué​jí,xueji,0
學級,chinese,class,xué​jí,xueji,0
學習,chinese,to learn,xué​xí,xuexi,0
學習,chinese,to study,xué​xí,xuexi,0
學者,chinese,scholar,xué​zhě,xuezhe,0
學舍,chinese,school building,xué​shè,xueshe,0
學舍,chinese,school,xué​shè,xueshe,0
學舍,chinese,(Tw) student dormitory,xué​shè,xueshe,0
學藝,chinese,to learn a skill or art,xué​yì,xueyi,0
學號,chinese,student ID number,xué​hào,xuehao,0
學術,chinese,learning,xué​shù,xueshu,0
學術,chinese,science,xué​shù,xueshu,0
學術,chinese,academic,xué​shù,xueshu,0
學術,chinese,CL:個|个[gè],xué​shù,xueshu,0
學說,chinese,theory,xué​shuō,xueshuo,0
學說,chinese,doctrine,xué​shuō,xueshuo,0
學識,chinese,erudition,xué​shí,xueshi,0
學識,chinese,scholarly knowledge,xué​shí,xueshi,0
學費,chinese,tuition fee,xué​fèi,xuefei,0
學費,chinese,tuition,xué​fèi,xuefei,0
學費,chinese,CL:個|个[gè],xué​fèi,xuefei,0
學運,chinese,student movement,xué​yùn,xueyun,0
學銜,chinese,academic title,xué​xián,xuexian,0
學銜,chinese,rank,xué​xián,xuexian,0
學長,chinese,senior or older male schoolmate,xué​zhǎng,xuezhang,0
學院,chinese,college,xué​yuàn,xueyuan,0
學院,chinese,educational institute,xué​yuàn,xueyuan,0
學院,chinese,school,xué​yuàn,xueyuan,0
學院,chinese,faculty,xué​yuàn,xueyuan,0
學院,chinese,CL:所[suǒ],xué​yuàn,xueyuan,0
學霸,chinese,(slang) top student,xué​bà,xueba,0
學霸,chinese,bookworm,xué​bà,xueba,0
學風,chinese,style of study,xué​fēng,xuefeng,0
學風,chinese,academic atmosphere,xué​fēng,xuefeng,0
學風,chinese,school discipline,xué​fēng,xuefeng,0
學風,chinese,school traditions,xué​fēng,xuefeng,0
學齡,chinese,school age,xué​líng,xueling,0
孺人,chinese,(old) wife,rú​rén,ruren,0
孺人,chinese,mother,rú​rén,ruren,0
安人,chinese,to pacify the people,ān​rén,anren,0
安人,chinese,landlady (old),ān​rén,anren,0
安人,chinese,"wife of 員外|员外[yuán​wài], landlord",ān​rén,anren,0
專人,chinese,specialist,zhuān​rén,zhuanren,0
專人,chinese,person appointed for specific task,zhuān​rén,zhuanren,0
強人,chinese,(politics) strongman,qiáng​rén,qiangren,0
強人,chinese,"(in the workplace, esp. of a woman) a highly capable person",qiáng​rén,qiangren,0
強人,chinese,(old) robber,qiáng​rén,qiangren,0
坑人,chinese,to cheat sb,kēng​rén,kengren,0
怡人,chinese,delightful,yí​rén,yiren,0
性學,chinese,sexology,xìng​xué,xingxue,0
怪人,chinese,strange person,guài​rén,guairen,0
怪人,chinese,eccentric,guài​rén,guairen,0
恨人,chinese,provoking,hèn​rén,henren,0
恨人,chinese,exasperating,hèn​rén,henren,0
恩人,chinese,a benefactor,ēn​rén,enren,0
恩人,chinese,a person who has significantly helped sb else,ēn​rén,enren,0
工人,chinese,worker,gōng​rén,gongren,0
工人,chinese,"CL:個|个[gè],名[míng]",gōng​rén,gongren,0
工學,chinese,engineering,gōng​xué,gongxue,0
工學,chinese,industrial science,gōng​xué,gongxue,0
巧人,chinese,"Homo habilis, extinct species of upright East African hominid (Tw)",qiǎo​rén,qiaoren,0
巨人,chinese,giant,jù​rén,juren,0
前人,chinese,predecessor,qián​rén,qianren,0
前人,chinese,forebears,qián​rén,qianren,0
前人,chinese,the person facing you,qián​rén,qianren,0
庸人,chinese,mediocre person,yōng​rén,yongren,0
廢人,chinese,handicapped person,fèi​rén,feiren,0
廢人,chinese,useless person,fèi​rén,feiren,0
大學,chinese,"the Great Learning, one of the Four Books 四書|四书[Sì​shū] in Confucianism",Dà​xué,daxue,0
大學,chinese,university,dà​xué,daxue,0
大學,chinese,college,dà​xué,daxue,0
大學,chinese,CL:所[suǒ],dà​xué,daxue,0
招人,chinese,to be infectious,zhāo​rén,zhaoren,0
招人,chinese,to recruit,zhāo​rén,zhaoren,0
拿人,chinese,making things awkward,ná​rén,naren,0
拿人,chinese,to cause difficulties,ná​rén,naren,0
拿人,chinese,to exert influence,ná​rén,naren,0
拿人,chinese,to attract,ná​rén,naren,0
升學,chinese,to enter the next grade school,shēng​xué,shengxue,0
撩人,chinese,to attract,liáo​rén,liaoren,0
撩人,chinese,to titillate,liáo​rén,liaoren,0
敵人,chinese,enemy,dí​rén,diren,0
敵人,chinese,CL:個|个[gè],dí​rén,diren,0
數學,chinese,mathematics,shù​xué,shuxue,0
數學,chinese,mathematical,shù​xué,shuxue,0
文人,chinese,scholar,wén​rén,wenren,0
文人,chinese,literati,wén​rén,wenren,0
文學,chinese,literature,wén​xué,wenxue,0
文學,chinese,CL:種|种[zhǒng],wén​xué,wenxue,0
古人,chinese,people from ancient times,gǔ​rén,guren,0
古人,chinese,the ancients,gǔ​rén,guren,0
古人,chinese,the late (i.e. person who has passed away),gǔ​rén,guren,0
可人,chinese,pleasant,kě​rén,keren,0
可人,chinese,agreeable,kě​rén,keren,0
可人,chinese,a person after one's heart (charming person),kě​rén,keren,0
可人,chinese,a gifted person,kě​rén,keren,0
懶人,chinese,lazy person,lǎn​rén,lanren,0
戀人,chinese,lover,liàn​rén,lianren,0
戀人,chinese,sweetheart,liàn​rén,lianren,0
成人,chinese,adult,chéng​rén,chengren,0
我人,chinese,we,wǒ​rén,woren,0
好學,chinese,eager to study,hào​xué,haoxue,0
好學,chinese,studious,hào​xué,haoxue,0
好學,chinese,erudite,hào​xué,haoxue,0
妄人,chinese,presumptuous and ignorant person,wàng​rén,wangren,0
妖人,chinese,magician,yāo​rén,yaoren,0
妖人,chinese,sorcerer,yāo​rén,yaoren,0
智人,chinese,Homo sapiens,zhì​rén,zhiren,0
換人,chinese,"to replace sb (personnel, sports team player etc)",huàn​rén,huanren,0
換人,chinese,substitution,huàn​rén,huanren,0
損人,chinese,to harm others,sǔn​rén,sunren,0
損人,chinese,to mock people,sǔn​rén,sunren,0
損人,chinese,to taunt,sǔn​rén,sunren,0
損人,chinese,humiliating,sǔn​rén,sunren,0
品學,chinese,conduct and learning (of an individual),pǐn​xué,pinxue,0
品學,chinese,moral nature and skill,pǐn​xué,pinxue,0
村學,chinese,see 村塾[cūn​shú],cūn​xué,cunxue,0
故人,chinese,old friend,gù​rén,guren,0
故人,chinese,the deceased,gù​rén,guren,0
教學,chinese,to teach,jiào​xué,jiaoxue,0
教學,chinese,teaching and learning,jiào​xué,jiaoxue,0
教學,chinese,education,jiào​xué,jiaoxue,0
教學,chinese,"CL:門|门[mén],個|个[gè]",jiào​xué,jiaoxue,0
散學,chinese,end of school,sàn​xué,sanxue,0
宜人,chinese,nice,yí​rén,yiren,0
宜人,chinese,pleasant,yí​rén,yiren,0
宜人,chinese,charming,yí​rén,yiren,0
宜人,chinese,hospitable to people,yí​rén,yiren,0
客人,chinese,visitor,kè​rén,keren,0
客人,chinese,guest,kè​rén,keren,0
客人,chinese,customer,kè​rén,keren,0
客人,chinese,client,kè​rén,keren,0
客人,chinese,CL:位[wèi],kè​rén,keren,0
宮人,chinese,imperial concubine or palace maid,gōng​rén,gongren,0
宮人,chinese,imperial secretary (old),gōng​rén,gongren,0
宰人,chinese,to overcharge,zǎi​rén,zairen,0
宰人,chinese,to rip sb off,zǎi​rén,zairen,0
害人,chinese,to harm sb,hài​rén,hairen,0
害人,chinese,to inflict suffering,hài​rén,hairen,0
害人,chinese,to victimize,hài​rén,hairen,0
害人,chinese,pernicious,hài​rén,hairen,0
家人,chinese,household,jiā​rén,jiaren,0
家人,chinese,(one's) family,jiā​rén,jiaren,0
易學,chinese,study of the Book of Changes 易經|易经[Yì​jīng],Yì​xué,yixue,0
易學,chinese,easy to learn,yì​xué,yixue,0
報人,chinese,newsman,bào​rén,baoren,0
報人,chinese,journalist (archaic),bào​rén,baoren,0
歹人,chinese,bad person,dǎi​rén,dairen,0
歹人,chinese,evildoer,dǎi​rén,dairen,0
歹人,chinese,robber,dǎi​rén,dairen,0
死人,chinese,dead person,sǐ​rén,siren,0
死人,chinese,(coll.) to die,sǐ​rén,siren,0
死人,chinese,(of a death) to happen,sǐ​rén,siren,0
本人,chinese,the person himself,běn​rén,benren,0
本人,chinese,I (humble form used in speeches),běn​rén,benren,0
本人,chinese,oneself,běn​rén,benren,0
本人,chinese,myself,běn​rén,benren,0
本人,chinese,in person,běn​rén,benren,0
本人,chinese,personal,běn​rén,benren,0
就學,chinese,to attend school,jiù​xué,jiuxue,0
尼人,chinese,Neanderthal (abbr. for 尼安德特人[Ní​'ān​dé​tè​rén]),Ní​rén,niren,0
居人,chinese,inhabitant,jū​rén,juren,0
天人,chinese,Man and Heaven,tiān​rén,tianren,0
天人,chinese,celestial being,tiān​rén,tianren,0
桐人,chinese,puppet burial object,tóng​rén,tongren,0
桐人,chinese,wooden effigy buried to put a curse on sb,tóng​rén,tongren,0
常人,chinese,ordinary person,cháng​rén,changren,0
平人,chinese,ordinary person,píng​rén,pingren,0
平人,chinese,common people,píng​rén,pingren,0
婦人,chinese,married woman,fù​rén,furen,0
媒人,chinese,go-between,méi​ren,meiren,0
媒人,chinese,matchmaker,méi​ren,meiren,0
嫁人,chinese,to get married (of woman),jià​rén,jiaren,0
正人,chinese,upstanding person,zhèng​rén,zhengren,0
正人,chinese,upright person,zhèng​rén,zhengren,0
征人,chinese,traveler (on a long journey),zhēng​rén,zhengren,0
征人,chinese,participant in an expedition,zhēng​rén,zhengren,0
征人,chinese,garrison soldier,zhēng​rén,zhengren,0
征人,chinese,new recruit,zhēng​rén,zhengren,0
待人,chinese,"to treat people (politely, harshly etc)",dài​rén,dairen,0
後人,chinese,later generation,hòu​rén,houren,0
後學,chinese,junior scholar or pupil in imperial China,hòu​xué,houxue,0
漁人,chinese,fisherman,yú​rén,yuren,0
漢人,chinese,Han Chinese person or people,Hàn​rén,hanren,0
漢學,chinese,sinology,Hàn​xué,hanxue,0
漢學,chinese,Chinese studies (in foreign schools),Hàn​xué,hanxue,0
漢學,chinese,"Han Learning, a Qing dynasty movement aiming at a philological appraisal of the Classics",Hàn​xué,hanxue,0
潮人,chinese,trendsetter,cháo​rén,chaoren,0
富人,chinese,rich person,fù​rén,furen,0
富人,chinese,the rich,fù​rén,furen,0
寡人,chinese,I (first person pronoun used by royalty or nobility),guǎ​rén,guaren,0
求人,chinese,to ask for help,qiú​rén,qiuren,0
求人,chinese,to ask a favor,qiú​rén,qiuren,0
求人,chinese,to recruit talented people,qiú​rén,qiuren,0
求學,chinese,to seek knowledge,qiú​xué,qiuxue,0
求學,chinese,to study,qiú​xué,qiuxue,0
求學,chinese,to attend college,qiú​xué,qiuxue,0
煩人,chinese,to annoy,fán​rén,fanren,0
煩人,chinese,annoying,fán​rén,fanren,0
煩人,chinese,irritating,fán​rén,fanren,0
煩人,chinese,troublesome,fán​rén,fanren,0
熟人,chinese,acquaintance,shú​rén,shuren,0
熟人,chinese,friend,shú​rén,shuren,0
情人,chinese,lover,qíng​rén,qingren,0
情人,chinese,sweetheart,qíng​rén,qingren,0
惡人,chinese,evil person,è​rén,eren,0
惡人,chinese,vile creature,è​rén,eren,0
惡人,chinese,ugly man,è​rén,eren,0
惱人,chinese,annoying,nǎo​rén,naoren,0
惱人,chinese,irksome,nǎo​rén,naoren,0
惱人,chinese,to irritate,nǎo​rén,naoren,0
惹人,chinese,"to provoke (esp. annoyance, disgust etc)",rě​rén,reren,0
惹人,chinese,to offend,rě​rén,reren,0
惹人,chinese,to attract (attention),rě​rén,reren,0
愚人,chinese,stupid person,yú​rén,yuren,0
愚人,chinese,ignoramus,yú​rén,yuren,0
峒人,chinese,variant of 侗人[Dòng​rén],Dòng​rén,dongren,0
活人,chinese,living person,huó​rén,huoren,0
浪人,chinese,vagrant,làng​rén,langren,0
浪人,chinese,unemployed person,làng​rén,langren,0
浪人,chinese,rōnin (wandering masterless samurai),làng​rén,langren,0
獵人,chinese,hunter,liè​rén,lieren,0
玄學,chinese,Wei and Jin philosophical school amalgamating Daoist and Confucian ideals,xuán​xué,xuanxue,0
玄學,chinese,translation of metaphysics (also translated 形而上學|形而上学),xuán​xué,xuanxue,0
玉人,chinese,a jade worker,yù​rén,yuren,0
玉人,chinese,a jade statuette,yù​rén,yuren,0
玉人,chinese,a beautiful person,yù​rén,yuren,0
玉人,chinese,(term of endearment),yù​rén,yuren,0
滿人,chinese,a Manchu,Mǎn​rén,manren,0
才學,chinese,talent and learning,cái​xué,caixue,0
才學,chinese,scholarship,cái​xué,caixue,0
異人,chinese,eccentric,yì​rén,yiren,0
異人,chinese,unusual person,yì​rén,yiren,0
異人,chinese,talented individual,yì​rén,yiren,0
病人,chinese,sick person,bìng​rén,bingren,0
病人,chinese,patient,bìng​rén,bingren,0
病人,chinese,invalid,bìng​rén,bingren,0
病人,chinese,CL:個|个[gè],bìng​rén,bingren,0
盲人,chinese,blind person,máng​rén,mangren,0
無人,chinese,unmanned,wú​rén,wuren,0
無人,chinese,uninhabited,wú​rén,wuren,0
社學,chinese,Ming or Qing dynasty school,shè​xué,shexue,0
神人,chinese,God,shén​rén,shenren,0
神人,chinese,deity,shén​rén,shenren,0
神學,chinese,theological,shén​xué,shenxue,0
神學,chinese,theology,shén​xué,shenxue,0
復學,chinese,to return to school (after an interruption),fù​xué,fuxue,0
復學,chinese,to resume one's studies,fù​xué,fuxue,0
心學,chinese,School of Mind,xīn​xué,xinxue,0
心學,chinese,"Neo-Confucian Idealistic School (from Song to mid-Qing times, c. 1000-1750, typified by the teachings of Wang Yangming 王陽明|王阳明[Wáng​Yáng​míng])",xīn​xué,xinxue,0
犯人,chinese,convict,fàn​rén,fanren,0
犯人,chinese,prisoner,fàn​rén,fanren,0
犯人,chinese,criminal,fàn​rén,fanren,0
狂人,chinese,madman,kuáng​rén,kuangren,0
狼人,chinese,werewolf,láng​rén,langren,0
猿人,chinese,apeman,yuán​rén,yuanren,0
竺學,chinese,Buddhist doctrine (archaic),Zhú​xué,zhuxue,0
竺學,chinese,Buddhist studies,Zhú​xué,zhuxue,0
笨人,chinese,fool,bèn​rén,benren,0
笨人,chinese,stupid person,bèn​rén,benren,0
愛人,chinese,spouse (PRC),ài​ren,airen,0
愛人,chinese,lover (non-PRC),ài​ren,airen,0
愛人,chinese,CL:個|个[gè],ài​ren,airen,0
感人,chinese,touching,gǎn​rén,ganren,0
感人,chinese,moving,gǎn​rén,ganren,0
用人,chinese,servant,yòng​rén,yongren,0
用人,chinese,to employ sb for a job,yòng​rén,yongren,0
用人,chinese,to manage people,yòng​rén,yongren,0
用人,chinese,to be in need of staff,yòng​rén,yongren,0
男人,chinese,a man,nán​rén,nanren,0
男人,chinese,a male,nán​rén,nanren,0
男人,chinese,men,nán​rén,nanren,0
男人,chinese,CL:個|个[gè],nán​rén,nanren,0
留學,chinese,to study abroad,liú​xué,liuxue,0
擬人,chinese,personification,nǐ​rén,niren,0
擬人,chinese,anthropomorphism,nǐ​rén,niren,0
監學,chinese,school official responsible for supervising the students (old),jiān​xué,jianxue,0
接人,chinese,to meet a person,jiē​rén,jieren,0
磨人,chinese,annoying,mó​rén,moren,0
磨人,chinese,bothersome,mó​rén,moren,0
磨人,chinese,to fret,mó​rén,moren,0
磨人,chinese,to be peevish,mó​rén,moren,0
美人,chinese,beauty,měi​rén,meiren,0
美人,chinese,belle,měi​rén,meiren,0
美學,chinese,aesthetics,měi​xué,meixue,0
改學,chinese,to switch from one major or faculty to another (at a university),gǎi​xué,gaixue,0
放學,chinese,to dismiss students at the end of the school day,fàng​xué,fangxue,0
旁人,chinese,other people,páng​rén,pangren,0
旁人,chinese,bystanders,páng​rén,pangren,0
旁人,chinese,onlookers,páng​rén,pangren,0
旁人,chinese,outsiders,páng​rén,pangren,0
族人,chinese,clansman,zú​rén,zuren,0
族人,chinese,clan members,zú​rén,zuren,0
族人,chinese,relatives,zú​rén,zuren,0
族人,chinese,ethnic minority,zú​rén,zuren,0
旗人,chinese,Manchu,qí​rén,qiren,0
旗人,chinese,bannerman (refers to the eight Manchu banners 八旗[Bā​qí]),qí​rén,qiren,0
日人,chinese,Japanese person,Rì​rén,riren,0
日人,chinese,the Japanese,Rì​rén,riren,0
育人,chinese,to educate people (esp. morally),yù​rén,yuren,0
胖人,chinese,overweight person,pàng​rén,pangren,0
胖人,chinese,fatty,pàng​rén,pangren,0
胡人,chinese,ethnic groups in the north and west of China in ancient times,hú​rén,huren,0
胡人,chinese,foreigner,hú​rén,huren,0
胡人,chinese,barbarian,hú​rén,huren,0
能人,chinese,capable person,néng​rén,nengren,0
能人,chinese,"Homo habilis, extinct species of upright East African hominid",néng​rén,nengren,0
新人,chinese,newcomer,xīn​rén,xinren,0
新人,chinese,fresh talent,xīn​rén,xinren,0
新人,chinese,"newlywed, esp. new bride",xīn​rén,xinren,0
新人,chinese,bride and groom,xīn​rén,xinren,0
窮人,chinese,poor people,qióng​rén,qiongren,0
窮人,chinese,the poor,qióng​rén,qiongren,0
舊學,chinese,old learning,jiù​xué,jiuxue,0
舊學,chinese,Chinese traditional teaching as opposed to material from the West,jiù​xué,jiuxue,0
舍人,chinese,ancient office title,shè​rén,sheren,0
舍人,chinese,rich and important person,shè​rén,sheren,0
良人,chinese,husband (arch.),liáng​rén,liangren,0
有人,chinese,someone,yǒu​rén,youren,0
有人,chinese,people,yǒu​rén,youren,0
有人,chinese,anyone,yǒu​rén,youren,0
有人,chinese,there is someone there,yǒu​rén,youren,0
有人,chinese,occupied (as in restroom),yǒu​rén,youren,0
紅學,chinese,"""Redology"", academic field devoted to the study of A Dream of Red Mansions",Hóng​xué,hongxue,0
紙人,chinese,paper doll,zhǐ​rén,zhiren,0
紙人,chinese,papercut silhouette,zhǐ​rén,zhiren,0
素人,chinese,"untrained, inexperienced person",sù​rén,suren,0
素人,chinese,layman,sù​rén,suren,0
素人,chinese,amateur,sù​rén,suren,0
罪人,chinese,sinner,zuì​rén,zuiren,0
罵人,chinese,to swear or curse (at people),mà​rén,maren,0
罵人,chinese,to scold or yell at someone,mà​rén,maren,0
林學,chinese,forestry,lín​xué,linxue,0
蠢人,chinese,fool,chǔn​rén,chunren,0
蠢人,chinese,imbecile,chǔn​rén,chunren,0
行人,chinese,pedestrian,xíng​rén,xingren,0
行人,chinese,traveler on foot,xíng​rén,xingren,0
行人,chinese,passer-by,xíng​rén,xingren,0
行人,chinese,official responsible for arranging audiences with the emperor,xíng​rén,xingren,0
聞人,chinese,famous person,wén​rén,wenren,0
聲學,chinese,acoustics,shēng​xué,shengxue,0
某人,chinese,someone,mǒu​rén,mouren,0
某人,chinese,a certain person,mǒu​rén,mouren,0
某人,chinese,some people,mǒu​rén,mouren,0
某人,chinese,I (self-address after one's surname),mǒu​rén,mouren,0
討人,chinese,(old) girl trafficked into a brothel to work as prostitute,tǎo​rén,taoren,0
訛人,chinese,to blackmail,é​rén,eren,0
訛人,chinese,to extort,é​rén,eren,0
至人,chinese,fully realized human being,zhì​rén,zhiren,0
至人,chinese,sage,zhì​rén,zhiren,0
至人,chinese,saint,zhì​rén,zhiren,0
興學,chinese,to establish schools,xīng​xué,xingxue,0
興學,chinese,to raise the standard of education,xīng​xué,xingxue,0
舉人,chinese,graduate,jǔ​rén,juren,0
舉人,chinese,successful candidate in the imperial provincial examination,jǔ​rén,juren,0
殺人,chinese,homicide,shā​rén,sharen,0
殺人,chinese,to murder,shā​rén,sharen,0
殺人,chinese,to kill (a person),shā​rén,sharen,0
每人,chinese,each person,měi​rén,meiren,0
每人,chinese,everybody,měi​rén,meiren,0
每人,chinese,per person,měi​rén,meiren,0
路人,chinese,passer-by,lù​rén,luren,0
路人,chinese,stranger,lù​rén,luren,0
華人,chinese,ethnic Chinese person or people,Huá​rén,huaren,0
萬人,chinese,ten thousand people,wàn​rén,wanren,0
萬人,chinese,all the people,wàn​rén,wanren,0
萬人,chinese,everyman,wàn​rén,wanren,0
途人,chinese,passer-by,tú​rén,turen,0
途人,chinese,stranger,tú​rén,turen,0
逗人,chinese,amusing,dòu​rén,douren,0
逗人,chinese,funny,dòu​rén,douren,0
逗人,chinese,entertaining,dòu​rén,douren,0
通人,chinese,learned person,tōng​rén,tongren,0
通人,chinese,person of wide knowledge and sound scholarship,tōng​rén,tongren,0
通學,chinese,to attend school as a day student,tōng​xué,tongxue,0
治學,chinese,scholarship,zhì​xué,zhixue,0
治學,chinese,high-level study,zhì​xué,zhixue,0
治學,chinese,to do scholarly research,zhì​xué,zhixue,0
治學,chinese,to pursue a high level of study,zhì​xué,zhixue,0
法人,chinese,legal person,fǎ​rén,faren,0
法人,chinese,corporation,fǎ​rén,faren,0
法人,chinese,see also 自然人[zì​rán​rén],fǎ​rén,faren,0
法學,chinese,law,fǎ​xué,faxue,0
法學,chinese,legal studies,fǎ​xué,faxue,0
蛙人,chinese,frogman,wā​rén,waren,0
蜑人,chinese,see 蜑家[Dàn​jiā],Dàn​rén,danren,0
氣人,chinese,to anger,qì​rén,qiren,0
氣人,chinese,to annoy,qì​rén,qiren,0
鄙人,chinese,your humble servant,bǐ​rén,biren,0
鄙人,chinese,I,bǐ​rén,biren,0
鄰人,chinese,neighbor,lín​rén,linren,0
醉人,chinese,intoxicating,zuì​rén,zuiren,0
醉人,chinese,fascinating,zuì​rén,zuiren,0
醫學,chinese,medicine,yī​xué,yixue,0
醫學,chinese,medical science,yī​xué,yixue,0
醫學,chinese,study of medicine,yī​xué,yixue,0
泥人,chinese,clay figurine,ní​rén,niren,0
洋人,chinese,foreigner,yáng​rén,yangren,0
洋人,chinese,Westerner,yáng​rén,yangren,0
洋學,chinese,Western learning,Yáng​xué,yangxue,0
淺學,chinese,shallow study,qiǎn​xué,qianxue,0
淺學,chinese,superficial,qiǎn​xué,qianxue,0
淺學,chinese,scant knowledge,qiǎn​xué,qianxue,0
清人,chinese,Qing dynasty person,Qīng​rén,qingren,0
鐵人,chinese,Ironman,Tiě​rén,tieren,0
親人,chinese,one's close relatives,qīn​rén,qinren,0
港人,chinese,Hong Kong person or people,Gǎng​rén,gangren,0
湖人,chinese,Los Angeles Lakers,Hú​rén,huren,0
湖人,chinese,abbr. for 洛杉磯湖人|洛杉矶湖人[Luò​shān​jī​Hú​rén],Hú​rén,huren,0
證人,chinese,witness,zhèng​rén,zhengren,0
譜學,chinese,spectroscopy,pǔ​xué,puxue,0
超人,chinese,"Superman, comic book superhero",Chāo​rén,chaoren,0
超人,chinese,superhuman,chāo​rén,chaoren,0
超人,chinese,exceptional,chāo​rén,chaoren,0
跟人,chinese,to marry (of woman),gēn​rén,genren,0
為人,chinese,to conduct oneself,wéi​rén,weiren,0
為人,chinese,behavior,wéi​rén,weiren,0
為人,chinese,conduct,wéi​rén,weiren,0
為人,chinese,personal character,wéi​rén,weiren,0
為人,chinese,for sb,wèi​rén,weiren,0
為人,chinese,for others' interest,wèi​rén,weiren,0
近人,chinese,contemporary,jìn​rén,jinren,0
近人,chinese,modern person,jìn​rén,jinren,0
近人,chinese,close friend,jìn​rén,jinren,0
近人,chinese,associate,jìn​rén,jinren,0
近人,chinese,intimate,jìn​rén,jinren,0
迷人,chinese,fascinating,mí​rén,miren,0
迷人,chinese,enchanting,mí​rén,miren,0
迷人,chinese,charming,mí​rén,miren,0
迷人,chinese,tempting,mí​rén,miren,0
退學,chinese,to quit school,tuì​xué,tuixue,0
送人,chinese,to give away,sòng​rén,songren,0
送人,chinese,to accompany,sòng​rén,songren,0
送人,chinese,to see sb off,sòng​rén,songren,0
逃學,chinese,to play truant,táo​xué,taoxue,0
逃學,chinese,to cut classes,táo​xué,taoxue,0
燧人,chinese,"Suiren, legendary inventor of fire",Suì​rén,suiren,0
食人,chinese,man-eating (beast),shí​rén,shiren,0
食人,chinese,to eat people,shí​rén,shiren,0
食人,chinese,fig. to oppress the people,shí​rén,shiren,0
飽學,chinese,learned,bǎo​xué,baoxue,0
飽學,chinese,erudite,bǎo​xué,baoxue,0
飽學,chinese,scholarly,bǎo​xué,baoxue,0
鄉人,chinese,villager,xiāng​rén,xiangren,0
鄉人,chinese,fellow villager,xiāng​rén,xiangren,0
理學,chinese,School of Principle,Lǐ​xué,lixue,0
理學,chinese,"Neo-Confucian Rationalistic School (from Song to mid-Qing times, c. 1000-1750, typified by the teachings of Cheng Hao 程顥|程颢[Chéng​Hào], Cheng Yi 程頤|程颐[Chéng​Yí] and Zhu Xi 朱熹[Zhū​xī])",Lǐ​xué,lixue,0
理學,chinese,science,lǐ​xué,lixue,0
魯人,chinese,person from Shandong,Lǔ​rén,luren,0
魯人,chinese,often refers to Confucius,Lǔ​rén,luren,0
魯人,chinese,stupid person,Lǔ​rén,luren,0
鮫人,chinese,mermaid,jiāo​rén,jiaoren,0
牙人,chinese,(old) middleman,yá​rén,yaren,0
牙人,chinese,broker,yá​rén,yaren,0
牛人,chinese,(coll.) leading light,niú​rén,niuren,0
牛人,chinese,true expert,niú​rén,niuren,0
牛人,chinese,badass,niú​rén,niuren,0
牧人,chinese,shepherd,mù​rén,muren,0
牧人,chinese,pastor,mù​rén,muren,0
牧人,chinese,pastoral,mù​rén,muren,0
瘮人,chinese,scary,shèn​rén,shenren,0
白人,chinese,white man or woman,bái​rén,bairen,0
白人,chinese,Caucasian,bái​rén,bairen,0
真人,chinese,a real person,zhēn​rén,zhenren,0
真人,chinese,Daoist spiritual master,zhēn​rén,zhenren,0
眩人,chinese,wizard,xuàn​rén,xuanren,0
眩人,chinese,magician,xuàn​rén,xuanren,0
眾人,chinese,everyone,zhòng​rén,zhongren,0
督學,chinese,school inspector,dū​xué,duxue,0
私人,chinese,private,sī​rén,siren,0
私人,chinese,personal,sī​rén,siren,0
私人,chinese,interpersonal,sī​rén,siren,0
私人,chinese,sb with whom one has a close personal relationship,sī​rén,siren,0
私人,chinese,a member of one's clique,sī​rén,siren,0
科學,chinese,science,kē​xué,kexue,0
科學,chinese,scientific knowledge,kē​xué,kexue,0
科學,chinese,scientific,kē​xué,kexue,0
科學,chinese,rational,kē​xué,kexue,0
科學,chinese,"CL:門|门[mén],個|个[gè],種|种[zhǒng]",kē​xué,kexue,0
生人,chinese,stranger,shēng​rén,shengren,0
生人,chinese,living person,shēng​rén,shengren,0
生人,chinese,to give birth,shēng​rén,shengren,0
生人,chinese,to be born (in a certain time or place),shēng​rén,shengren,0
雷人,chinese,(Internet slang) shocking,léi​rén,leiren,0
雷人,chinese,appalling,léi​rén,leiren,0
雷人,chinese,terrifying,léi​rén,leiren,0
雷人,chinese,terrific,léi​rén,leiren,0
電學,chinese,electrical engineering,diàn​xué,dianxue,0
篤學,chinese,studious,dǔ​xué,duxue,0
篤學,chinese,diligent in study,dǔ​xué,duxue,0
顯學,chinese,famous school,xiǎn​xué,xianxue,0
顯學,chinese,noted school of thought,xiǎn​xué,xianxue,0
矮人,chinese,dwarf,ǎi​rén,airen,0
經學,chinese,study of the Confucian classics,jīng​xué,jingxue,0
高人,chinese,very able person,gāo​rén,gaoren,0
義人,chinese,righteous man,yì​rén,yiren,0
義學,chinese,free school (old),yì​xué,yixue,0
老人,chinese,old man or woman,lǎo​rén,laoren,0
老人,chinese,the elderly,lǎo​rén,laoren,0
老人,chinese,one's aged parents or grandparents,lǎo​rén,laoren,0
黏人,chinese,(of a child) clingy,nián​rén,nianren,0
黏人,chinese,(of a pet) fond of interacting with people,nián​rén,nianren,0
黏人,chinese,friendly,nián​rén,nianren,0
黑人,chinese,black person,hēi​rén,heiren,0
黑人,chinese,an illegal,hēi​rén,heiren,0
黨人,chinese,party member,dǎng​rén,dangren,0
黨人,chinese,partisan,dǎng​rén,dangren,0
紅人,chinese,a favorite of sb in power,hóng​rén,hongren,0
紅人,chinese,a celebrity,hóng​rén,hongren,0
紅人,chinese,American Indian,hóng​rén,hongren,0
線人,chinese,spy,xiàn​rén,xianren,0
線人,chinese,informer,xiàn​rén,xianren,0
聖人,chinese,saint,shèng​rén,shengren,0
聖人,chinese,sage,shèng​rén,shengren,0
聖人,chinese,refers to Confucius 孔子[Kǒng​zǐ],shèng​rén,shengren,0
聖人,chinese,the current reigning Emperor,shèng​rén,shengren,0
膩人,chinese,greasy,nì​rén,niren,0
膩人,chinese,boring,nì​rén,niren,0
自學,chinese,self-study,zì​xué,zixue,0
自學,chinese,to study on one's own,zì​xué,zixue,0
藏人,chinese,Tibetan (person),Zàng​rén,zangren,0
藝人,chinese,performing artist,yì​rén,yiren,0
藝人,chinese,actor,yì​rén,yiren,0
衰人,chinese,loser,shuāi​rén,shuairen,0
衰人,chinese,jerk,shuāi​rén,shuairen,0
詞人,chinese,writer of 詞|词[cí] (a kind of Classical Chinese poem),cí​rén,ciren,0
詞人,chinese,person of literary talent,cí​rén,ciren,0
詩人,chinese,bard,shī​rén,shiren,0
詩人,chinese,poet,shī​rén,shiren,0
認人,chinese,to recognize people (of babies),rèn​rén,renren,0
認人,chinese,to be able to tell people apart,rèn​rén,renren,0
誘人,chinese,attractive,yòu​rén,youren,0
誘人,chinese,alluring,yòu​rén,youren,0
誘人,chinese,captivating,yòu​rén,youren,0
誘人,chinese,to attract,yòu​rén,youren,0
誘人,chinese,to captivate,yòu​rén,youren,0
貴人,chinese,nobility,guì​rén,guiren,0
貴人,chinese,person of high rank,guì​rén,guiren,0
賙人,chinese,to help the needy,zhōu​rén,zhouren,0
賙人,chinese,to bestow alms,zhōu​rén,zhouren,0
賙人,chinese,charity,zhōu​rén,zhouren,0
賢人,chinese,great person of the past,xián​rén,xianren,0
賢人,chinese,venerable forebear,xián​rén,xianren,0
賢人,chinese,the great and the good,xián​rén,xianren,0
藥學,chinese,pharmacy,yào​xué,yaoxue,0
蘭學,chinese,Dutch studies (study of Europe and the world in premodern Japan),lán​xué,lanxue,0
軍人,chinese,serviceman,jūn​rén,junren,0
軍人,chinese,soldier,jūn​rén,junren,0
軍人,chinese,military personnel,jūn​rén,junren,0
載人,chinese,to carry a passenger,zài​rén,zairen,0
載人,chinese,(of spaceships etc) manned,zài​rén,zairen,0
載人,chinese,also pr. [zǎi​rén],zài​rén,zairen,0
輟學,chinese,to drop out of school,chuò​xué,chuoxue,0
輟學,chinese,to leave off studying,chuò​xué,chuoxue,0
輟學,chinese,to interrupt one's studies,chuò​xué,chuoxue,0
西學,chinese,Western learning (intellectual movement in the late Qing),Xī​xué,xixue,0
西學,chinese,also called 洋務運動|洋务运动,Xī​xué,xixue,0
要人,chinese,important person,yào​rén,yaoren,0
進學,chinese,to advance one's learning,jìn​xué,jinxue,0
進學,chinese,to enter the prefecture school under the imperial examination system,jìn​xué,jinxue,0
逼人,chinese,pressing,bī​rén,biren,0
逼人,chinese,threatening,bī​rén,biren,0
遊人,chinese,a tourist,yóu​rén,youren,0
遊學,chinese,to study away from home or abroad (old),yóu​xué,youxue,0
過人,chinese,to surpass others,guò​rén,guoren,0
過人,chinese,outstanding,guò​rén,guoren,0
過人,chinese,"(basketball, soccer etc) to get past an opponent",guò​rén,guoren,0
道人,chinese,Taoist devotee (honorific),dào​rén,daoren,0
道學,chinese,Confucian study of ethics,dào​xué,daoxue,0
道學,chinese,study of Daoism,dào​xué,daoxue,0
道學,chinese,school for Daoism in Tang and Song times,dào​xué,daoxue,0
道學,chinese,Daoist magic,dào​xué,daoxue,0
道學,chinese,"another name for 理學|理学, rational learning of Song dynasty neo-Confucianism",dào​xué,daoxue,0
諍人,chinese,dwarf in legends,zhèng​rén,zhengren,0
講學,chinese,to lecture (on branch of learning),jiǎng​xué,jiangxue,0
里人,chinese,"person from the same village, town or province",lǐ​rén,liren,0
里人,chinese,peasant (derog.),lǐ​rén,liren,0
里人,chinese,(of a school of thought etc) follower,lǐ​rén,liren,0
野人,chinese,a savage,yě​rén,yeren,0
野人,chinese,uncivilized person,yě​rén,yeren,0
野人,chinese,(old) commoner,yě​rén,yeren,0
門人,chinese,disciple,mén​rén,menren,0
門人,chinese,follower,mén​rén,menren,0
門人,chinese,hanger-on (at an aristocrat's home),mén​rén,menren,0
閃人,chinese,(coll.) to beat it,shǎn​rén,shanren,0
閃人,chinese,to take French leave,shǎn​rén,shanren,0
開學,chinese,foundation of a University or College,kāi​xué,kaixue,0
開學,chinese,school opening,kāi​xué,kaixue,0
開學,chinese,the start of a new term,kāi​xué,kaixue,0
賤人,chinese,slut,jiàn​rén,jianren,0
賤人,chinese,cheap person,jiàn​rén,jianren,0
走人,chinese,(coll.) to leave,zǒu​rén,zouren,0
走人,chinese,to beat it,zǒu​rén,zouren,0
雅人,chinese,poetic individual,yǎ​rén,yaren,0
雅人,chinese,person of refined temperament,yǎ​rén,yaren,0
雙人,chinese,two-person,shuāng​rén,shuangren,0
雙人,chinese,double,shuāng​rén,shuangren,0
雙人,chinese,pair,shuāng​rén,shuangren,0
雙人,chinese,tandem,shuāng​rén,shuangren,0
非人,chinese,not the right person (literary),fēi​rén,feiren,0
非人,chinese,inhuman,fēi​rén,feiren,0
轉學,chinese,to change schools,zhuǎn​xué,zhuanxue,0
轉學,chinese,to transfer to another college,zhuǎn​xué,zhuanxue,0
辦學,chinese,to run a school,bàn​xué,banxue,0
農人,chinese,farmer,nóng​rén,nongren,0
農學,chinese,agricultural science,nóng​xué,nongxue,0
饞人,chinese,to make one's mouth water,chán​rén,chanren,0
饞人,chinese,appetizing,chán​rén,chanren,0
饞人,chinese,greedy person,chán​rén,chanren,0
饞人,chinese,glutton,chán​rén,chanren,0
達人,chinese,expert,dá​rén,daren,0
達人,chinese,person who takes things philosophically,dá​rén,daren,0
遠人,chinese,an estranged person,yuǎn​rén,yuanren,0
遠人,chinese,sb who is alienated,yuǎn​rén,yuanren,0
遠人,chinese,people far from home,yuǎn​rén,yuanren,0
適人,chinese,(said of a woman) to marry (old),shì​rén,shiren,0
鳥人,chinese,(vulgar) damned wretch,diǎo​rén,diaoren,0
鳥人,chinese,fucker,diǎo​rén,diaoren,0
鳥人,chinese,also pr. [niǎo​rén],diǎo​rén,diaoren,0
閑人,chinese,variant of 閒人|闲人[xián​rén],xián​rén,xianren,0
閑人,chinese,idle person,xián​rén,xianren,0
閑人,chinese,idler,xián​rén,xianren,0
閑人,chinese,unconcerned person,xián​rén,xianren,0
閒人,chinese,idle person,xián​rén,xianren,0
閒人,chinese,idler,xián​rén,xianren,0
閒人,chinese,unconcerned person,xián​rén,xianren,0
閹人,chinese,a castrate,yān​rén,yanren,0
闊人,chinese,rich person,kuò​rén,kuoren,0
闊人,chinese,the rich,kuò​rén,kuoren,0
雨人,chinese,Rain Man,yǔ​rén,yuren,0
雪人,chinese,snowman,xuě​rén,xueren,0
雪人,chinese,yeti,xuě​rén,xueren,0
駭人,chinese,terrifying,hài​rén,hairen,0
駭人,chinese,shocking,hài​rén,hairen,0
駭人,chinese,dreadful,hài​rén,hairen,0
騙人,chinese,to cheat sb,piàn​rén,pianren,0
騙人,chinese,a scam,piàn​rén,pianren,0
驕人,chinese,worthy of pride,jiāo​rén,jiaoren,0
驕人,chinese,impressive,jiāo​rén,jiaoren,0
驕人,chinese,enviable,jiāo​rén,jiaoren,0
驕人,chinese,to show contempt for others,jiāo​rén,jiaoren,0
驚人,chinese,astonishing,jīng​rén,jingren,0
愛人,japanese,lover,あいじん,aijin,1
愛人,japanese,mistress,あいじん,aijin,1
悪人,japanese,bad person,あくにん,akunin,1
悪人,japanese,villain,あくにん,akunin,1
悪人,japanese,scoundrel,あくにん,akunin,1
悪人,japanese,wrongdoer,あくにん,akunin,1
悪人,japanese,wicked person,あくにん,akunin,1
偉人,japanese,great person,いじん,ijin,1
偉人,japanese,eminent figure,いじん,ijin,1
夷人,japanese,barbarian,いじん,ijin,0
夷人,japanese,savage,いじん,ijin,0
夷人,japanese,foreigner,いじん,ijin,0
易学,japanese,study of divination,えきがく,ekigaku,0
異人,japanese,foreigner (esp. one of European ancestry),いじん,ijin,0
異人,japanese,different person,いじん,ijin,0
医学,japanese,medical science,いがく,igaku,1
医学,japanese,medicine,いがく,igaku,1
疫学,japanese,epidemiology,えきがく,ekigaku,0
厭人,japanese,misanthropy,えんじん,enjin,0
猿人,japanese,ape man,えんじん,enjin,0
恩人,japanese,benefactor,おんじん,onjin,1
恩人,japanese,patron,おんじん,onjin,1
恩人,japanese,person to whom one owes a great deal,おんじん,onjin,1
恩人,japanese,person to whom one is (deeply) indebted,おんじん,onjin,1
下人,japanese,low-rank person,げにん,genin,0
下人,japanese,menial,げにん,genin,0
化学,japanese,chemistry,かがく,kagaku,1
何人,japanese,how many people,なんにん,nannin,1
何人,japanese,a number of people,なんにん,nannin,1
佳人,japanese,(female) beauty,かじん,kajin,0
佳人,japanese,beautiful woman,かじん,kajin,0
家学,japanese,hereditary learning,かがく,kagaku,0
家人,japanese,occupant of a house,かじん,kajin,1
家人,japanese,family member,かじん,kajin,1
家人,japanese,household member (incl. servants),かじん,kajin,1
科学,japanese,science,かがく,kagaku,1
科学,japanese,to think about scientifically,かがく,kagaku,1
科学,japanese,to think in terms of science,かがく,kagaku,1
暇人,japanese,person with a lot of free time on their hands,ひまじん,himajin,0
暇人,japanese,person of leisure,ひまじん,himajin,0
暇人,japanese,idler,ひまじん,himajin,0
暇人,japanese,loafer,ひまじん,himajin,0
歌学,japanese,poetry,かがく,kagaku,0
歌学,japanese,versification,かがく,kagaku,0
歌人,japanese,poet (of tanka poems),かじん,kajin,1
我人,japanese,myself and others,われひと,warehito,0
画学,japanese,drawing,ががく,gagaku,0
画人,japanese,painter,がじん,gajin,0
画人,japanese,artist,がじん,gajin,0
怪人,japanese,mysterious person,かいじん,kaijin,0
外人,japanese,foreigner (esp. one of European ancestry),がいじん,gaijin,1
外人,japanese,gaijin,がいじん,gaijin,1
外人,japanese,outsider,がいじん,gaijin,1
各人,japanese,each person,かくじん,kakujin,0
学ぶ,japanese,to learn,まなぶ,manabu,1
学ぶ,japanese,to study,まなぶ,manabu,1
学ぶ,japanese,to take lessons in,まなぶ,manabu,1
学位,japanese,(academic) degree,がくい,gakui,1
学院,japanese,institute,がくいん,gakuin,1
学院,japanese,academy,がくいん,gakuin,1
学園,japanese,educational institution,がくえん,gakuen,1
学園,japanese,school,がくえん,gakuen,1
学園,japanese,academy,がくえん,gakuen,1
学園,japanese,campus,がくえん,gakuen,1
学科,japanese,subject (of study),がっか,gakka,1
学科,japanese,course of study,がっか,gakka,1
学科,japanese,department (of a university),がっか,gakka,1
学課,japanese,lesson,がっか,gakka,0
学課,japanese,school work,がっか,gakka,0
学会,japanese,learned society,がっかい,gakkai,1
学会,japanese,scientific society,がっかい,gakkai,1
学会,japanese,academy,がっかい,gakkai,1
学会,japanese,academic meeting,がっかい,gakkai,1
学会,japanese,academic conference,がっかい,gakkai,1
学界,japanese,academic world,がっかい,gakkai,1
学界,japanese,academia,がっかい,gakkai,1
学界,japanese,academic circles,がっかい,gakkai,1
学界,japanese,scientific world,がっかい,gakkai,1
学界,japanese,learned circles,がっかい,gakkai,1
学割,japanese,student discount,がくわり,gakuwari,1
学監,japanese,dean,がっかん,gakkan,0
学期,japanese,school term,がっき,gakki,1
学期,japanese,semester,がっき,gakki,1
学究,japanese,scholar,がっきゅう,gakkyuu,1
学究,japanese,student,がっきゅう,gakkyuu,1
学級,japanese,(school) class,がっきゅう,gakkyuu,1
学業,japanese,studies,がくぎょう,gakugyou,1
学業,japanese,schoolwork,がくぎょう,gakugyou,1
学業,japanese,classwork,がくぎょう,gakugyou,1
学区,japanese,school district,がっく,gakku,1
学区,japanese,school area,がっく,gakku,1
学芸,japanese,arts and sciences,がくげい,gakugei,1
学芸,japanese,liberal arts,がくげい,gakugei,1
学校,japanese,school,がっこう,gakkou,1
学祭,japanese,school festival,がくさい,gakusai,0
学士,japanese,university graduate,がくし,gakushi,1
学士,japanese,bachelor,がくし,gakushi,1
学士,japanese,bachelor's degree,がくし,gakushi,1
学資,japanese,school expenses,がくし,gakushi,0
学資,japanese,education fund,がくし,gakushi,0
学識,japanese,scholarship,がくしき,gakushiki,1
学識,japanese,scientific attainments,がくしき,gakushiki,1
学舎,japanese,school (building),がくしゃ,gakusha,0
学者,japanese,scholar,がくしゃ,gakusha,1
学者,japanese,academic,がくしゃ,gakusha,1
学者,japanese,scientist,がくしゃ,gakusha,1
学者,japanese,learned person,がくしゃ,gakusha,1
学者,japanese,person of learning,がくしゃ,gakusha,1
学習,japanese,learning,がくしゅう,gakushuu,1
学習,japanese,study,がくしゅう,gakushuu,1
学術,japanese,science,がくじゅつ,gakujutsu,1
学術,japanese,learning,がくじゅつ,gakujutsu,1
学術,japanese,scholarship,がくじゅつ,gakujutsu,1
学術,japanese,arts and sciences,がくじゅつ,gakujutsu,1
学術,japanese,academic pursuits,がくじゅつ,gakujutsu,1
学殖,japanese,scholarship,がくしょく,gakushoku,0
学殖,japanese,learning,がくしょく,gakushoku,0
学殖,japanese,knowledge,がくしょく,gakushoku,0
学生,japanese,student (esp. a university student),がくせい,gakusei,1
学籍,japanese,school register,がくせき,gakuseki,0
学説,japanese,theory,がくせつ,gakusetsu,1
学僧,japanese,learned priest pursuing his studies,がくそう,gakusou,0
学則,japanese,school regulations,がくそく,gakusoku,0
学卒,japanese,college graduate,がくそつ,gakusotsu,1
学長,japanese,(university) president,がくちょう,gakuchou,1
学長,japanese,chancellor,がくちょう,gakuchou,1
学長,japanese,principal,がくちょう,gakuchou,1
学長,japanese,provost,がくちょう,gakuchou,1
学徒,japanese,student,がくと,gakuto,1
学徒,japanese,follower,がくと,gakuto,1
学徒,japanese,students and pupils,がくと,gakuto,1
学童,japanese,schoolchild,がくどう,gakudou,1
学童,japanese,pupil,がくどう,gakudou,1
学童,japanese,after-school childcare,がくどう,gakudou,1
学内,japanese,within the school,がくない,gakunai,1
学年,japanese,academic year,がくねん,gakunen,1
学年,japanese,school year,がくねん,gakunen,1
学年,japanese,year in school,がくねん,gakunen,1
学年,japanese,grade in school,がくねん,gakunen,1
学派,japanese,school (of thought),がくは,gakuha,0
学派,japanese,sect,がくは,gakuha,0
学閥,japanese,alma mater clique,がくばつ,gakubatsu,0
学閥,japanese,old school tie,がくばつ,gakubatsu,0
学費,japanese,tuition,がくひ,gakuhi,1
学費,japanese,school expenses,がくひ,gakuhi,1
学府,japanese,educational institution,がくふ,gakufu,0
学府,japanese,academic centre,がくふ,gakufu,0
学府,japanese,academic center,がくふ,gakufu,0
学部,japanese,department (of a university),がくぶ,gakubu,1
学部,japanese,faculty,がくぶ,gakubu,1
学部,japanese,school,がくぶ,gakubu,1
学部,japanese,college,がくぶ,gakubu,1
学帽,japanese,school cap,がくぼう,gakubou,0
学名,japanese,scientific name (of a species),がくめい,gakumei,0
学名,japanese,binomial name,がくめい,gakumei,0
学名,japanese,Latin name,がくめい,gakumei,0
学名,japanese,academic reputation,がくめい,gakumei,0
学問,japanese,study,がくもん,gakumon,1
学問,japanese,scholarship,がくもん,gakumon,1
学問,japanese,learning,がくもん,gakumon,1
学問,japanese,education,がくもん,gakumon,1
学問,japanese,knowledge,がくもん,gakumon,1
学問,japanese,discipline,がくもん,gakumon,1
学問,japanese,branch of learning,がくもん,gakumon,1
学問,japanese,(a) science,がくもん,gakumon,1
学友,japanese,school friend,がくゆう,gakuyuu,1
学理,japanese,scholarly principle,がくり,gakuri,0
学理,japanese,scientific principle,がくり,gakuri,0
学寮,japanese,student hostel,がくりょう,gakuryou,0
学寮,japanese,dormitory (e.g. for factory workers),がくりょう,gakuryou,0
学力,japanese,scholarly ability,がくりょく,gakuryoku,1
学力,japanese,scholarship,がくりょく,gakuryoku,1
学力,japanese,knowledge,がくりょく,gakuryoku,1
学力,japanese,literary ability,がくりょく,gakuryoku,1
学齢,japanese,school age,がくれい,gakurei,1
学歴,japanese,academic background,がくれき,gakureki,1
学歴,japanese,academic credentials,がくれき,gakureki,1
学歴,japanese,academic record,がくれき,gakureki,1
勧学,japanese,encouragement of learning,かんがく,kangaku,0
姦人,japanese,villain,かんじん,kanjin,0
姦人,japanese,scoundrel,かんじん,kanjin,0
韓人,japanese,Korean person,かんじん,kanjin,0
気学,japanese,fortune telling based on Chinese twelve year cycle,きがく,kigaku,0
偽学,japanese,false science,ぎがく,gigaku,0
偽学,japanese,science out of line with the world of thought,ぎがく,gigaku,0
擬人,japanese,simulation of a person,ぎじん,gijin,0
休学,japanese,temporary absence from school,きゅうがく,kyuugaku,1
求人,japanese,recruiting,きゅうじん,kyuujin,1
求人,japanese,job offer,きゅうじん,kyuujin,1
求人,japanese,job vacancy,きゅうじん,kyuujin,1
旧人,japanese,the deceased,ふるびと,furubito,0
旧人,japanese,old friend,ふるびと,furubito,0
巨人,japanese,giant,きょじん,kyojin,1
巨人,japanese,great man,きょじん,kyojin,1
巨人,japanese,Tokyo Giants (baseball team),きょじん,kyojin,1
京人,japanese,Kyoto inhabitant,けいじん,keijin,0
供人,japanese,companion,ともびと,tomobito,0
共学,japanese,coeducation,きょうがく,kyougaku,1
狂人,japanese,lunatic,きょうじん,kyoujin,0
狂人,japanese,madman,きょうじん,kyoujin,0
曲学,japanese,inferior scholarship,きょくがく,kyokugaku,0
苦学,japanese,working one's way through school,くがく,kugaku,0
苦学,japanese,earning one's own school fees,くがく,kugaku,0
苦学,japanese,studying under adversity,くがく,kugaku,0
苦学,japanese,studying in harsh economic circumstances,くがく,kugaku,0
愚人,japanese,fool,ぐじん,gujin,0
愚人,japanese,idiot,ぐじん,gujin,0
偶人,japanese,puppet,ぐうじん,guujin,0
偶人,japanese,doll,ぐうじん,guujin,0
軍学,japanese,military science,ぐんがく,gungaku,0
軍学,japanese,strategy,ぐんがく,gungaku,0
軍学,japanese,tactics,ぐんがく,gungaku,0
軍人,japanese,serviceman,ぐんじん,gunjin,1
軍人,japanese,servicewoman,ぐんじん,gunjin,1
軍人,japanese,soldier,ぐんじん,gunjin,1
軍人,japanese,member of the armed forces,ぐんじん,gunjin,1
軍人,japanese,military personnel,ぐんじん,gunjin,1
芸人,japanese,(TV) comedian,げいにん,geinin,1
芸人,japanese,performer (esp. of a traditional art),げいにん,geinin,1
芸人,japanese,entertainer,げいにん,geinin,1
芸人,japanese,talented person,げいにん,geinin,1
芸人,japanese,accomplished person,げいにん,geinin,1
傑人,japanese,outstanding person,けつじん,ketsujin,0
傑人,japanese,distinguished person,けつじん,ketsujin,0
傑人,japanese,person of high caliber,けつじん,ketsujin,0
研学,japanese,study,けんがく,kengaku,0
見学,japanese,inspection,けんがく,kengaku,1
見学,japanese,study by observation,けんがく,kengaku,1
見学,japanese,field trip,けんがく,kengaku,1
見学,japanese,tour,けんがく,kengaku,1
見学,japanese,review,けんがく,kengaku,1
見学,japanese,sitting out (e.g. PE class),けんがく,kengaku,1
賢人,japanese,wise person,けんじん,kenjin,1
賢人,japanese,virtuous person,けんじん,kenjin,1
賢人,japanese,sage,けんじん,kenjin,1
賢人,japanese,unrefined sake,けんじん,kenjin,1
原人,japanese,primitive man,げんじん,genjin,1
玄人,japanese,expert,くろうと,kurouto,1
玄人,japanese,professional,くろうと,kurouto,1
玄人,japanese,master,くろうと,kurouto,1
玄人,japanese,connoisseur,くろうと,kurouto,1
玄人,japanese,woman in the nightlife business,くろうと,kurouto,1
玄人,japanese,demimondaine,くろうと,kurouto,1
玄人,japanese,geisha and prostitutes,くろうと,kurouto,1
個人,japanese,individual,こじん,kojin,1
個人,japanese,private person,こじん,kojin,1
個人,japanese,personal,こじん,kojin,1
個人,japanese,private,こじん,kojin,1
個人,japanese,natural person,こじん,kojin,1
古学,japanese,classical studies,こがく,kogaku,0
古人,japanese,ancient people,こじん,kojin,0
故人,japanese,the deceased,こじん,kojin,1
故人,japanese,the departed,こじん,kojin,1
故人,japanese,old friend,こじん,kojin,1
故人,japanese,longtime acquaintance,こじん,kojin,1
吾人,japanese,we,ごじん,gojin,0
後学,japanese,younger scholar,こうがく,kougaku,0
後学,japanese,future reference,こうがく,kougaku,0
語学,japanese,study of foreign languages,ごがく,gogaku,1
語学,japanese,linguistics,ごがく,gogaku,1
光学,japanese,optics,こうがく,kougaku,1
公人,japanese,public character,こうじん,koujin,1
好学,japanese,love of learning,こうがく,kougaku,0
工学,japanese,engineering,こうがく,kougaku,1
黒人,japanese,black person,こくじん,kokujin,1
黒人,japanese,woman in the nightlife business,こくじん,kokujin,1
黒人,japanese,demimondaine,こくじん,kokujin,1
黒人,japanese,geisha and prostitutes,こくじん,kokujin,1
今人,japanese,present-day people,こんじん,konjin,0
今人,japanese,people of this world,こんじん,konjin,0
才学,japanese,talent and education,さいがく,saigaku,0
才人,japanese,talented person,さいじん,saijin,0
才人,japanese,clever person,さいじん,saijin,0
在学,japanese,"attending (school, college, etc.)",ざいがく,zaigaku,1
在学,japanese,being enrolled,ざいがく,zaigaku,1
在学,japanese,being a student,ざいがく,zaigaku,1
罪人,japanese,criminal,ざいにん,zainin,1
罪人,japanese,lawbreaker,ざいにん,zainin,1
罪人,japanese,wrongdoer,ざいにん,zainin,1
罪人,japanese,offender,ざいにん,zainin,1
罪人,japanese,sinner,つみびと,tsumibito,0
罪人,japanese,evildoer,つみびと,tsumibito,0
罪人,japanese,wrongdoer,つみびと,tsumibito,0
殺人,japanese,murder,さつじん,satsujin,1
殺人,japanese,homicide,さつじん,satsujin,1
殺人,japanese,manslaughter,さつじん,satsujin,1
雑学,japanese,miscellaneous knowledge,ざつがく,zatsugaku,0
三人,japanese,three people,さんにん,sannin,1
史学,japanese,study of history,しがく,shigaku,1
市人,japanese,city market seller,いちびと,ichibito,0
市人,japanese,merchant,いちびと,ichibito,0
市人,japanese,city resident,いちびと,ichibito,0
市人,japanese,townsfolk,しじん,shijin,0
市人,japanese,resident (of a town),しじん,shijin,0
市人,japanese,merchant,しじん,shijin,0
志学,japanese,age 15,しがく,shigaku,0
死人,japanese,corpse,しにん,shinin,1
死人,japanese,dead person,しにん,shinin,1
詩人,japanese,poet,しじん,shijin,1
歯学,japanese,dentistry,しがく,shigaku,0
借人,japanese,borrower,かりにん,karinin,0
若人,japanese,young person,わこうど,wakoudo,1
狩人,japanese,hunter,かりゅうど,karyuudo,1
儒学,japanese,Confucianism,じゅがく,jugaku,1
囚人,japanese,prisoner,しゅうじん,shuujin,1
囚人,japanese,convict,しゅうじん,shuujin,1
就学,japanese,entering school,しゅうがく,shuugaku,1
就学,japanese,school attendance,しゅうがく,shuugaku,1
修学,japanese,learning,しゅうがく,shuugaku,0
住人,japanese,dweller,じゅうにん,juunin,1
住人,japanese,inhabitant,じゅうにん,juunin,1
住人,japanese,resident,じゅうにん,juunin,1
住人,japanese,user (of a website),じゅうにん,juunin,1
粛学,japanese,school purge,しゅくがく,shukugaku,0
女人,japanese,woman,にょにん,nyonin,0
小学,japanese,elementary school,しょうがく,shougaku,1
小学,japanese,primary school,しょうがく,shougaku,1
小学,japanese,grade school,しょうがく,shougaku,1
小学,japanese,school for children over eight years old in ancient China,しょうがく,shougaku,1
小学,japanese,traditional Chinese philology,しょうがく,shougaku,1
小人,japanese,child (esp. one of elementary school age or younger),しょうにん,shounin,1
証人,japanese,witness,しょうにん,shounin,1
上人,japanese,holy priest,しょうにん,shounin,0
上人,japanese,saint,しょうにん,shounin,0
職人,japanese,craftsman,しょくにん,shokunin,1
職人,japanese,artisan,しょくにん,shokunin,1
職人,japanese,tradesman,しょくにん,shokunin,1
職人,japanese,worker,しょくにん,shokunin,1
職人,japanese,workman,しょくにん,shokunin,1
新人,japanese,newcomer,しんじん,shinjin,1
新人,japanese,new figure,しんじん,shinjin,1
新人,japanese,new member,しんじん,shinjin,1
新人,japanese,recruit,しんじん,shinjin,1
新人,japanese,rookie,しんじん,shinjin,1
新人,japanese,new talent,しんじん,shinjin,1
新人,japanese,new star,しんじん,shinjin,1
新人,japanese,modern humans (from Cro-Magnon man onwards),しんじん,shinjin,1
新人,japanese,Homo sapiens,しんじん,shinjin,1
真人,japanese,true man,しんじん,shinjin,0
神学,japanese,theology,しんがく,shingaku,1
神学,japanese,divinity,しんがく,shingaku,1
進学,japanese,advancing to the next stage of education,しんがく,shingaku,1
進学,japanese,"going on to (high school, college, etc.)",しんがく,shingaku,1
人,japanese,-ian (e.g. Italian),じん,jin,1
人,japanese,-ite (e.g. Tokyoite),じん,jin,1
人,japanese,"-er (e.g. performer, etc.)",じん,jin,1
人,japanese,person working with ...,じん,jin,1
人,japanese,man,じん,jin,1
人,japanese,person,じん,jin,1
人,japanese,people,じん,jin,1
人,japanese,person,と,to,0
人位,japanese,person's rank,じんい,jini,0
人為,japanese,human work,じんい,jini,1
人為,japanese,human agency,じんい,jini,1
人為,japanese,art,じんい,jini,1
人為,japanese,artificiality,じんい,jini,1
人員,japanese,number of persons,じんいん,jinin,1
人員,japanese,personnel,じんいん,jinin,1
人煙,japanese,smoke from human habitations,じんえん,jinen,0
人家,japanese,house,じんか,jinka,0
人家,japanese,dwelling,じんか,jinka,0
人家,japanese,human habitation,じんか,jinka,0
人外,japanese,uninhabited area,じんがい,jingai,0
人外,japanese,acting inhumanly,じんがい,jingai,0
人外,japanese,inhuman person,じんがい,jingai,0
人外,japanese,nonhuman life (usu. sentient),じんがい,jingai,0
人垣,japanese,wall of people,ひとがき,hitogaki,0
人垣,japanese,crowd of people lined up (e.g. spectators),ひとがき,hitogaki,0
人垣,japanese,throng of people,ひとがき,hitogaki,0
人格,japanese,personality,じんかく,jinkaku,1
人格,japanese,character,じんかく,jinkaku,1
人格,japanese,individuality,じんかく,jinkaku,1
人格,japanese,personhood,じんかく,jinkaku,1
人間,japanese,human being,にんげん,ningen,1
人間,japanese,human,にんげん,ningen,1
人間,japanese,person,にんげん,ningen,1
人間,japanese,man,にんげん,ningen,1
人間,japanese,mankind,にんげん,ningen,1
人間,japanese,humankind,にんげん,ningen,1
人間,japanese,character (of a person),にんげん,ningen,1
人気,japanese,popularity,にんき,ninki,1
人気,japanese,public favor,にんき,ninki,1
人気,japanese,condition (e.g. market),にんき,ninki,1
人気,japanese,tone,にんき,ninki,1
人気,japanese,character,にんき,ninki,1
人気,japanese,nature,にんき,ninki,1
人気,japanese,sign of life,ひとけ,hitoke,0
人気,japanese,human presence,ひとけ,hitoke,0
人気,japanese,humanity,ひとけ,hitoke,0
人気,japanese,humaneness,ひとけ,hitoke,0
人魚,japanese,mermaid,にんぎょ,ningyo,0
人魚,japanese,merman,にんぎょ,ningyo,0
人境,japanese,human habitation,じんきょう,jinkyou,0
人君,japanese,sovereign,じんくん,jinkun,0
人君,japanese,ruler,じんくん,jinkun,0
人形,japanese,doll,にんぎょう,ningyou,1
人形,japanese,puppet,にんぎょう,ningyou,1
人形,japanese,marionette,にんぎょう,ningyou,1
人形,japanese,puppet (person under the control of another),にんぎょう,ningyou,1
人形,japanese,straw man,にんぎょう,ningyou,1
人形,japanese,yes-man,にんぎょう,ningyou,1
人傑,japanese,great person,じんけつ,jinketsu,0
人傑,japanese,outstanding talent,じんけつ,jinketsu,0
人傑,japanese,hero,じんけつ,jinketsu,0
人権,japanese,human rights,じんけん,jinken,1
人権,japanese,civil liberties,じんけん,jinken,1
人絹,japanese,rayon,じんけん,jinken,0
人絹,japanese,artificial silk,じんけん,jinken,0
人後,japanese,behind others,じんご,jingo,0
人後,japanese,losing out to others,じんご,jingo,0
人語,japanese,human speech,じんご,jingo,0
人口,japanese,population,じんこう,jinkou,1
人口,japanese,common talk,じんこう,jinkou,1
人工,japanese,artificial,じんこう,jinkou,1
人工,japanese,man-made,じんこう,jinkou,1
人工,japanese,human work,じんこう,jinkou,1
人工,japanese,human skill,じんこう,jinkou,1
人工,japanese,artificiality,じんこう,jinkou,1
人皇,japanese,emperor,にんのう,ninnou,0
人骨,japanese,human bones,じんこつ,jinkotsu,1
人魂,japanese,floating ball of fire (said to be the soul of a dead person),ひとだま,hitodama,0
人魂,japanese,meteor,ひとだま,hitodama,0
人魂,japanese,shooting star,ひとだま,hitodama,0
人妻,japanese,married woman,ひとづま,hitozuma,1
人妻,japanese,another's wife,ひとづま,hitozuma,1
人災,japanese,man-made calamity,じんさい,jinsai,0
人材,japanese,capable person,じんざい,jinzai,1
人材,japanese,talented person,じんざい,jinzai,1
人材,japanese,human resources,じんざい,jinzai,1
人材,japanese,personnel,じんざい,jinzai,1
人参,japanese,carrot (Daucus carota),にんじん,ninjin,1
人参,japanese,Asian ginseng (Panax ginseng),にんじん,ninjin,1
人山,japanese,crowd of people,ひとやま,hitoyama,0
人士,japanese,gentleman,じんし,jinshi,0
人士,japanese,well-bred man,じんし,jinshi,0
人士,japanese,well-educated man,じんし,jinshi,0
人士,japanese,people,じんし,jinshi,0
人事,japanese,personnel affairs,じんじ,jinji,1
人事,japanese,human affairs,じんじ,jinji,1
人事,japanese,human resources,じんじ,jinji,1
人事,japanese,HR,じんじ,jinji,1
人事,japanese,other people's affairs,ひとごと,hitogoto,1
人事,japanese,someone else's problem,ひとごと,hitogoto,1
人時,japanese,man-hour,にんじ,ninji,0
人質,japanese,hostage,ひとじち,hitojichi,1
人車,japanese,rickshaw,じんしゃ,jinsha,0
人車,japanese,jinrikisha,じんしゃ,jinsha,0
人爵,japanese,worldly honors,じんしゃく,jinshaku,0
人爵,japanese,worldly honours,じんしゃく,jinshaku,0
人種,japanese,race (of people),じんしゅ,jinshu,1
人種,japanese,type of person,じんしゅ,jinshu,1
人寿,japanese,human life span,じんじゅ,jinju,0
人寿,japanese,human lifespan,じんじゅ,jinju,0
人出,japanese,crowd,ひとで,hitode,1
人出,japanese,turnout,ひとで,hitode,1
人称,japanese,person,にんしょう,ninshou,0
人情,japanese,humanity,にんじょう,ninjou,1
人情,japanese,empathy,にんじょう,ninjou,1
人情,japanese,kindness,にんじょう,ninjou,1
人情,japanese,sympathy,にんじょう,ninjou,1
人情,japanese,human nature,にんじょう,ninjou,1
人情,japanese,common sense,にんじょう,ninjou,1
人情,japanese,customs and manners,にんじょう,ninjou,1
人臣,japanese,subjects,じんしん,jinshin,0
人臣,japanese,retainers,じんしん,jinshin,0
人世,japanese,this world,じんせい,jinsei,0
人世,japanese,life,じんせい,jinsei,0
人性,japanese,human nature,じんせい,jinsei,0
人性,japanese,instinct,じんせい,jinsei,0
人性,japanese,humanity,じんせい,jinsei,0
人性,japanese,humanism,じんせい,jinsei,0
人生,japanese,(one's) life,じんせい,jinsei,1
人声,japanese,human voice,ひとごえ,hitogoe,0
人声,japanese,cry,ひとごえ,hitogoe,0
人選,japanese,personnel selection,じんせん,jinsen,1
人前,japanese,portion of food,にんまえ,ninmae,1
人前,japanese,presence of other people,ひとまえ,hitomae,1
人前,japanese,(in) public,ひとまえ,hitomae,1
人前,japanese,(in) front of others,ひとまえ,hitomae,1
人祖,japanese,progenitor,じんそ,jinso,0
人相,japanese,looks,にんそう,ninsou,1
人相,japanese,countenance,にんそう,ninsou,1
人相,japanese,facial features,にんそう,ninsou,1
人相,japanese,physiognomy,にんそう,ninsou,1
人造,japanese,artificial,じんぞう,jinzou,1
人造,japanese,man-made,じんぞう,jinzou,1
人造,japanese,imitation,じんぞう,jinzou,1
人造,japanese,synthetic,じんぞう,jinzou,1
人足,japanese,coolie,にんそく,ninsoku,0
人足,japanese,laborer,にんそく,ninsoku,0
人足,japanese,labourer,にんそく,ninsoku,0
人足,japanese,carrier,にんそく,ninsoku,0
人足,japanese,pedestrian traffic,ひとあし,hitoashi,0
人足,japanese,"kanji ""legs radical"" (radical 10)",ひとあし,hitoashi,0
人体,japanese,human body,じんたい,jintai,1
人体,japanese,personal appearance,じんてい,jintei,0
人体,japanese,looks,じんてい,jintei,0
人畜,japanese,men and animals,じんちく,jinchiku,0
人中,japanese,society,ひとなか,hitonaka,1
人中,japanese,company,ひとなか,hitonaka,1
人中,japanese,the public,ひとなか,hitonaka,1
人中,japanese,the world,ひとなか,hitonaka,1
人柱,japanese,human pillar,ひとばしら,hitobashira,0
人柱,japanese,human sacrifice,ひとばしら,hitobashira,0
人的,japanese,human,じんてき,jinteki,1
人的,japanese,personal,じんてき,jinteki,1
人頭,japanese,number of people,じんとう,jintou,0
人頭,japanese,population,じんとう,jintou,0
人頭,japanese,human head,じんとう,jintou,0
人道,japanese,humanity,じんどう,jindou,1
人道,japanese,sidewalk,じんどう,jindou,1
人道,japanese,footpath,じんどう,jindou,1
人道,japanese,human realm,じんどう,jindou,1
人肉,japanese,human flesh,じんにく,jinniku,0
人波,japanese,surging crowd,ひとなみ,hitonami,0
人波,japanese,wave of humanity,ひとなみ,hitonami,0
人波,japanese,stampede,ひとなみ,hitonami,0
人馬,japanese,man and horse,じんば,jinba,0
人馬,japanese,rider and horse,じんば,jinba,0
人馬,japanese,centaur,じんば,jinba,0
人品,japanese,personal appearance,じんぴん,jinpin,0
人品,japanese,character,じんぴん,jinpin,0
人品,japanese,personality,じんぴん,jinpin,0
人付,japanese,reputation,ひとづき,hitozuki,0
人夫,japanese,laborer (labourer),にんぷ,ninpu,0
人夫,japanese,construction worker,にんぷ,ninpu,0
人夫,japanese,coolie,にんぷ,ninpu,0
人物,japanese,person,じんぶつ,jinbutsu,1
人物,japanese,character,じんぶつ,jinbutsu,1
人物,japanese,figure,じんぶつ,jinbutsu,1
人物,japanese,personage,じんぶつ,jinbutsu,1
人物,japanese,man,じんぶつ,jinbutsu,1
人物,japanese,woman,じんぶつ,jinbutsu,1
人物,japanese,one's character,じんぶつ,jinbutsu,1
人物,japanese,one's personality,じんぶつ,jinbutsu,1
人物,japanese,able person,じんぶつ,jinbutsu,1
人物,japanese,talented person,じんぶつ,jinbutsu,1
人糞,japanese,human excrement,じんぷん,jinpun,0
人糞,japanese,night soil,じんぷん,jinpun,0
人柄,japanese,personality,ひとがら,hitogara,1
人柄,japanese,character,ひとがら,hitogara,1
人柄,japanese,personal appearance,ひとがら,hitogara,1
人柄,japanese,gentility,ひとがら,hitogara,1
人別,japanese,census-taking,にんべつ,ninbetsu,0
人望,japanese,popularity,じんぼう,jinbou,0
人望,japanese,favorable reputation,じんぼう,jinbou,0
人望,japanese,high esteem,じんぼう,jinbou,0
人望,japanese,respect,じんぼう,jinbou,0
人脈,japanese,personal connections,じんみゃく,jinmyaku,1
人民,japanese,the people,じんみん,jinmin,1
人民,japanese,citizens,じんみん,jinmin,1
人民,japanese,the populace,じんみん,jinmin,1
人名,japanese,person's name,じんめい,jinmei,1
人命,japanese,(human) life,じんめい,jinmei,1
人面,japanese,human face,じんめん,jinmen,0
人欲,japanese,human desires,じんよく,jinyoku,0
人欲,japanese,human passions,じんよく,jinyoku,0
人里,japanese,village,ひとざと,hitozato,0
人里,japanese,human habitation,ひとざと,hitozato,0
人里,japanese,human settlement,ひとざと,hitozato,0
人倫,japanese,human relations,じんりん,jinrin,0
人倫,japanese,humanity,じんりん,jinrin,0
人類,japanese,mankind,じんるい,jinrui,1
人類,japanese,humanity,じんるい,jinrui,1
人籟,japanese,sound of a wind instrument,じんらい,jinrai,0
人虱,japanese,Pediculus humanus (species of louse that infests humans),ひとじらみ,hitojirami,0
人虱,japanese,body louse,ひとじらみ,hitojirami,0
人虱,japanese,body lice,ひとじらみ,hitojirami,0
人虱,japanese,head louse,ひとじらみ,hitojirami,0
人虱,japanese,head lice,ひとじらみ,hitojirami,0
仁人,japanese,man of virtue,じんじん,jinjin,0
仁人,japanese,humanitarian,じんじん,jinjin,0
粋人,japanese,person of refined tastes,すいじん,suijin,0
粋人,japanese,sophisticated person,すいじん,suijin,0
粋人,japanese,man of the world,すいじん,suijin,0
粋人,japanese,understanding person,すいじん,suijin,0
粋人,japanese,man about town,すいじん,suijin,0
数学,japanese,mathematics,すうがく,suugaku,1
数人,japanese,several people,すうにん,suunin,1
数人,japanese,a few people,すうにん,suunin,1
世人,japanese,the people,せじん,sejin,0
世人,japanese,the public,せじん,sejin,0
世人,japanese,the world,せじん,sejin,0
成人,japanese,adult,せいじん,seijin,1
成人,japanese,grown-up,せいじん,seijin,1
成人,japanese,becoming an adult,せいじん,seijin,1
成人,japanese,coming of age,せいじん,seijin,1
成人,japanese,"growing up (to be a man, woman)",せいじん,seijin,1
聖人,japanese,saint,せいじん,seijin,1
聖人,japanese,wise and virtuous person (esp. in Confucianism),せいじん,seijin,1
聖人,japanese,great religious teacher,せいじん,seijin,1
聖人,japanese,sage,せいじん,seijin,1
聖人,japanese,refined sake,せいじん,seijin,1
碩学,japanese,great scholar,せきがく,sekigaku,0
碩学,japanese,profound scholar,せきがく,sekigaku,0
仙人,japanese,immortal mountain wizard (in Taoism),せんにん,sennin,1
仙人,japanese,mountain man (esp. a hermit),せんにん,sennin,1
仙人,japanese,person not bound by earthly desires,せんにん,sennin,1
先人,japanese,predecessor,せんじん,senjin,1
先人,japanese,pioneer,せんじん,senjin,1
先人,japanese,ancestor,せんじん,senjin,1
浅学,japanese,shallow knowledge,せんがく,sengaku,0
浅学,japanese,superficial learning,せんがく,sengaku,0
前人,japanese,predecessor,ぜんじん,zenjin,0
前人,japanese,people of former times,ぜんじん,zenjin,0
善人,japanese,good person,ぜんにん,zennin,0
善人,japanese,virtuous person,ぜんにん,zennin,0
善人,japanese,good-natured person,ぜんにん,zennin,0
善人,japanese,gullible person,ぜんにん,zennin,0
全人,japanese,saint,ぜんじん,zenjin,1
全人,japanese,person well-balanced morally and intellectually,ぜんじん,zenjin,1
素人,japanese,amateur,しろうと,shirouto,1
素人,japanese,layman,しろうと,shirouto,1
素人,japanese,ordinary person,しろうと,shirouto,1
素人,japanese,novice,しろうと,shirouto,1
素人,japanese,"respectable woman (i.e. not a prostitute, hostess, geisha)",しろうと,shirouto,1
素人,japanese,unlicensed prostitute,しろうと,shirouto,1
訴人,japanese,a suitor,そにん,sonin,0
訴人,japanese,an accuser,そにん,sonin,0
訴人,japanese,a complainant,そにん,sonin,0
訴人,japanese,an informant,そにん,sonin,0
訴人,japanese,sue,そにん,sonin,0
訴人,japanese,accuse,そにん,sonin,0
俗学,japanese,popular learning,ぞくがく,zokugaku,0
俗学,japanese,worldly study,ぞくがく,zokugaku,0
俗人,japanese,person with low tastes,ぞくじん,zokujin,0
俗人,japanese,uncultured person,ぞくじん,zokujin,0
俗人,japanese,worldly person,ぞくじん,zokujin,0
俗人,japanese,ordinary person (who has not entered the priesthood),ぞくじん,zokujin,0
俗人,japanese,layperson,ぞくじん,zokujin,0
俗人,japanese,layman,ぞくじん,zokujin,0
村人,japanese,villager,むらびと,murabito,1
退学,japanese,dropping out of school,たいがく,taigaku,1
退学,japanese,withdrawal from school,たいがく,taigaku,1
退学,japanese,expulsion from school,たいがく,taigaku,1
退学,japanese,dismissal,たいがく,taigaku,1
退学,japanese,"leaving school (university, etc.) after completing a course",たいがく,taigaku,1
代人,japanese,substitute,だいにん,dainin,1
代人,japanese,deputy,だいにん,dainin,1
代人,japanese,proxy,だいにん,dainin,1
代人,japanese,representative,だいにん,dainin,1
代人,japanese,agent,だいにん,dainin,1
大学,japanese,university,だいがく,daigaku,1
大学,japanese,college,だいがく,daigaku,1
大学,japanese,former imperial university of Japan (established under the ritsuryō system for the training of government administrators),だいがく,daigaku,1
大学,japanese,the Great Learning (one of the Four Books),だいがく,daigaku,1
大人,japanese,adult,おとな,otona,1
大人,japanese,grown-up,おとな,otona,1
達人,japanese,master,たつじん,tatsujin,1
達人,japanese,expert,たつじん,tatsujin,1
知人,japanese,friend,ちじん,chijin,1
知人,japanese,acquaintance,ちじん,chijin,1
痴人,japanese,dunce,ちじん,chijin,0
痴人,japanese,fool,ちじん,chijin,0
痴人,japanese,idiot,ちじん,chijin,0
中学,japanese,junior high school,ちゅうがく,chuugaku,1
中学,japanese,middle school,ちゅうがく,chuugaku,1
中学,japanese,lower secondary school,ちゅうがく,chuugaku,1
仲人,japanese,matchmaker,なこうど,nakoudo,1
仲人,japanese,go-between,なこうど,nakoudo,1
仲人,japanese,intermediary,なこうど,nakoudo,1
仲人,japanese,middleman,なこうど,nakoudo,1
仲人,japanese,mediator,なこうど,nakoudo,1
仲人,japanese,intercessor,なこうど,nakoudo,1
町人,japanese,"chōnin (Edo-period social class of town-dwelling commoners, esp. landowning merchants)",ちょうにん,chounin,1
町人,japanese,townspeople,ちょうにん,chounin,1
町人,japanese,townsfolk,ちょうにん,chounin,1
町人,japanese,tradespeople,ちょうにん,chounin,1
超人,japanese,superman,ちょうじん,choujin,1
超人,japanese,superwoman,ちょうじん,choujin,1
超人,japanese,Ubermensch (Nietzsche's ideal man of the future),ちょうじん,choujin,1
超人,japanese,overman,ちょうじん,choujin,1
通学,japanese,commuting to school,つうがく,tsuugaku,1
通学,japanese,school commute,つうがく,tsuugaku,1
停学,japanese,suspension from school,ていがく,teigaku,1
哲学,japanese,philosophy,てつがく,tetsugaku,1
哲人,japanese,wise man,てつじん,tetsujin,1
哲人,japanese,philosopher,てつじん,tetsujin,1
哲人,japanese,sage,てつじん,tetsujin,1
土人,japanese,native,どじん,dojin,1
土人,japanese,aboriginal,どじん,dojin,1
島人,japanese,islander,とうじん,toujin,0
盗人,japanese,thief,ぬすびと,nusubito,0
盗人,japanese,robber,ぬすびと,nusubito,0
当人,japanese,the person concerned,とうにん,tounin,1
当人,japanese,the person in question,とうにん,tounin,1
当人,japanese,the said person,とうにん,tounin,1
篤学,japanese,love of learning,とくがく,tokugaku,0
独学,japanese,self-education,どくがく,dokugaku,1
独学,japanese,self-instruction,どくがく,dokugaku,1
独学,japanese,self-study,どくがく,dokugaku,1
入学,japanese,admission (to a school or university),にゅうがく,nyuugaku,1
入学,japanese,entrance,にゅうがく,nyuugaku,1
入学,japanese,enrolment,にゅうがく,nyuugaku,1
入学,japanese,enrollment,にゅうがく,nyuugaku,1
入学,japanese,matriculation,にゅうがく,nyuugaku,1
農学,japanese,(science of) agriculture,のうがく,nougaku,0
俳人,japanese,haiku poet,はいじん,haijin,1
廃人,japanese,cripple,はいじん,haijin,0
廃人,japanese,disabled person,はいじん,haijin,0
廃人,japanese,invalid,はいじん,haijin,0
廃人,japanese,"(game, internet, etc.) addict",はいじん,haijin,0
博学,japanese,erudition,はくがく,hakugaku,1
博学,japanese,extensive learning,はくがく,hakugaku,1
白人,japanese,white person,はくじん,hakujin,1
白人,japanese,Caucasian,はくじん,hakujin,1
白人,japanese,beginner,はくじん,hakujin,1
白人,japanese,amateur,はくじん,hakujin,1
白人,japanese,unlicensed prostitute,はくじん,hakujin,1
函人,japanese,armorer,かんじん,kanjin,0
函人,japanese,armourer,かんじん,kanjin,0
犯人,japanese,offender,はんにん,hannin,1
犯人,japanese,criminal,はんにん,hannin,1
犯人,japanese,culprit,はんにん,hannin,1
藩学,japanese,han school,はんがく,hangaku,0
藩学,japanese,school established by a daimyo for educating the children of the domain's retainers,はんがく,hangaku,0
晩学,japanese,late education,ばんがく,bangaku,0
番人,japanese,guard,ばんにん,bannin,0
番人,japanese,watchman,ばんにん,bannin,0
非人,japanese,group comprising the lowest rank of Japan's Edo-period caste system (incl. ex-convicts and vagrants),ひにん,hinin,0
非人,japanese,non-human,ひにん,hinin,0
美学,japanese,esthetics,びがく,bigaku,1
美学,japanese,aesthetics,びがく,bigaku,1
美人,japanese,beautiful woman,びじん,bijin,1
美人,japanese,(a) beauty,びじん,bijin,1
氷人,japanese,go-between (in marriage),ひょうじん,hyoujin,0
病人,japanese,sick person,びょうにん,byounin,1
病人,japanese,patient,びょうにん,byounin,1
病人,japanese,invalid,びょうにん,byounin,1
夫人,japanese,wife,ふじん,fujin,1
夫人,japanese,Mrs,ふじん,fujin,1
夫人,japanese,madam,ふじん,fujin,1
夫人,japanese,"wife of a nobleman (aristocrat, etc.)",ふじん,fujin,1
夫人,japanese,consort of the emperor,ふじん,fujin,1
婦人,japanese,woman,ふじん,fujin,1
婦人,japanese,lady,ふじん,fujin,1
婦人,japanese,adult female,ふじん,fujin,1
武学,japanese,military science,ぶがく,bugaku,0
武人,japanese,military man,ぶじん,bujin,0
武人,japanese,warrior,ぶじん,bujin,0
武人,japanese,soldier,ぶじん,bujin,0
仏学,japanese,Buddhist studies,ぶつがく,butsugaku,0
仏学,japanese,Buddhology,ぶつがく,butsugaku,0
文学,japanese,literature,ぶんがく,bungaku,1
兵学,japanese,military science,へいがく,heigaku,0
兵学,japanese,strategy,へいがく,heigaku,0
兵学,japanese,tactics,へいがく,heigaku,0
変人,japanese,eccentric,へんじん,henjin,1
変人,japanese,crank,へんじん,henjin,1
変人,japanese,oddball,へんじん,henjin,1
勉学,japanese,study,べんがく,bengaku,1
勉学,japanese,pursuit of knowledge,べんがく,bengaku,1
法学,japanese,law,ほうがく,hougaku,1
法学,japanese,jurisprudence,ほうがく,hougaku,1
法人,japanese,corporation,ほうじん,houjin,1
法人,japanese,corporate body,ほうじん,houjin,1
法人,japanese,company,ほうじん,houjin,1
法人,japanese,legal entity,ほうじん,houjin,1
法人,japanese,legal person,ほうじん,houjin,1
法人,japanese,juridical person,ほうじん,houjin,1
邦人,japanese,Japanese national (esp. abroad),ほうじん,houjin,1
邦人,japanese,fellow countryman,ほうじん,houjin,1
傍人,japanese,bystander,ぼうじん,boujin,0
防人,japanese,soldiers garrisoned at strategic posts in Kyushu in ancient times,さきもり,sakimori,0
防人,japanese,Chinese soldiers stationed to protect remote regions of the country during the Tang dynasty,さきもり,sakimori,0
牧人,japanese,shepherd,ぼくじん,bokujin,0
牧人,japanese,herdsman,ぼくじん,bokujin,0
本人,japanese,the person in question,ほんにん,honnin,1
本人,japanese,the person themselves,ほんにん,honnin,1
本人,japanese,said person,ほんにん,honnin,1
民人,japanese,the people,みんじん,minjin,0
民人,japanese,the public,みんじん,minjin,0
無学,japanese,uneducated,むがく,mugaku,0
無学,japanese,ignorant,むがく,mugaku,0
無学,japanese,illiterate,むがく,mugaku,0
無学,japanese,arhat,むがく,mugaku,0
無学,japanese,person who has attained nirvana,むがく,mugaku,0
無人,japanese,unmanned,むじん,mujin,1
無人,japanese,uninhabited,むじん,mujin,1
無人,japanese,unattended,むじん,mujin,1
無人,japanese,deserted,むじん,mujin,1
無人,japanese,shorthandedness,むじん,mujin,1
無人,japanese,lack of help,むじん,mujin,1
名人,japanese,master,めいじん,meijin,1
名人,japanese,expert,めいじん,meijin,1
名人,japanese,Meijin (professional title),めいじん,meijin,1
名人,japanese,Meijin (highest title for male players in competitive karuta),めいじん,meijin,1
盲人,japanese,blind person,もうじん,moujin,1
夜学,japanese,night school,やがく,yagaku,1
夜学,japanese,evening school,やがく,yagaku,1
夜学,japanese,evening class,やがく,yagaku,1
夜学,japanese,night study,やがく,yagaku,1
野人,japanese,rustic,やじん,yajin,0
野人,japanese,country bumpkin,やじん,yajin,0
野人,japanese,countryfolk,やじん,yajin,0
野人,japanese,ruffian,やじん,yajin,0
野人,japanese,unrefined person,やじん,yajin,0
野人,japanese,non-politician,やじん,yajin,0
野人,japanese,non-government person,やじん,yajin,0
野人,japanese,civilian,やじん,yajin,0
野人,japanese,Yeren,やじん,yajin,0
野人,japanese,"legendary mountain-dwelling hominid (similar to a sasquatch, yeti, etc.) of China's Hubei province",やじん,yajin,0
役人,japanese,government official,やくにん,yakunin,1
薬学,japanese,(study of) pharmacy,やくがく,yakugaku,1
薬学,japanese,pharmaceutics,やくがく,yakugaku,1
友人,japanese,friend,ゆうじん,yuujin,1
有人,japanese,manned,ゆうじん,yuujin,1
有人,japanese,occupied,ゆうじん,yuujin,1
有人,japanese,piloted,ゆうじん,yuujin,1
傭人,japanese,employee,ようにん,younin,0
傭人,japanese,labourer employed by the government or a local public body,ようにん,younin,0
庸人,japanese,common man,ようじん,youjin,0
蘭学,japanese,rangaku,らんがく,rangaku,0
蘭学,japanese,study of Western knowledge through the Dutch language during the Edo period,らんがく,rangaku,0
吏人,japanese,officials,りじん,rijin,0
理学,japanese,physical science,りがく,rigaku,1
理学,japanese,natural science,りがく,rigaku,1
理学,japanese,physics,りがく,rigaku,1
理学,japanese,lixue (Song-era Chinese philosophy),りがく,rigaku,1
理学,japanese,philosophy,りがく,rigaku,1
留学,japanese,studying abroad,りゅうがく,ryuugaku,1
留学,japanese,(temporarily) studying at another school (to learn a specific skill),りゅうがく,ryuugaku,1
旅人,japanese,traveller,たびびと,tabibito,1
旅人,japanese,traveler,たびびと,tabibito,1
旅人,japanese,wayfarer,たびびと,tabibito,1
旅人,japanese,tourist,たびびと,tabibito,1
両人,japanese,both people,りょうにん,ryounin,0
力学,japanese,mechanics,りきがく,rikigaku,1
力学,japanese,dynamics,りきがく,rikigaku,1
林学,japanese,forestry,りんがく,ringaku,1
林学,japanese,silviculture,りんがく,ringaku,1
隣人,japanese,neighbour,りんじん,rinjin,1
隣人,japanese,neighbor,りんじん,rinjin,1
隣人,japanese,(people in the) neighbourhood,りんじん,rinjin,1
隣人,japanese,neighborhood,りんじん,rinjin,1
伶人,japanese,court musician,れいじん,reijin,0
伶人,japanese,minstrel,れいじん,reijin,0
麗人,japanese,beautiful woman,れいじん,reijin,0
麗人,japanese,beauty,れいじん,reijin,0
麗人,japanese,belle,れいじん,reijin,0
暦学,japanese,study of the calendar,れきがく,rekigaku,0
恋人,japanese,lover,こいびと,koibito,1
恋人,japanese,sweetheart,こいびと,koibito,1
恋人,japanese,boyfriend,こいびと,koibito,1
恋人,japanese,girlfriend,こいびと,koibito,1
浪人,japanese,ronin,ろうにん,rounin,1
浪人,japanese,masterless samurai,ろうにん,rounin,1
浪人,japanese,high school graduate waiting for another chance to enter university after having failed the yearly entrance examination,ろうにん,rounin,1
浪人,japanese,person out of work,ろうにん,rounin,1
浪人,japanese,jobless person,ろうにん,rounin,1
浪人,japanese,wanderer,ろうにん,rounin,1
浪人,japanese,drifter,ろうにん,rounin,1
老人,japanese,old person,ろうじん,roujin,1
老人,japanese,senior citizen,ろうじん,roujin,1
老人,japanese,the aged,ろうじん,roujin,1
老人,japanese,the elderly,ろうじん,roujin,1
倭人,japanese,Japanese person,わじん,wajin,0
佗人,japanese,lonesome person,わびびと,wabibito,0
佗人,japanese,unwanted person,わびびと,wabibito,0
佗人,japanese,poverty-stricken person,わびびと,wabibito,0
咎人,japanese,offender,とがにん,toganin,0
咎人,japanese,criminal,とがにん,toganin,0
佞人,japanese,flatterer,ねいじん,neijin,0
佞人,japanese,smooth talker,ねいじん,neijin,0
佞人,japanese,crafty person,ねいじん,neijin,0
衒学,japanese,pedantry,げんがく,gengaku,0
衒学,japanese,display of one's learning,げんがく,gengaku,0
閹人,japanese,eunuch,えんじん,enjin,0
一人,japanese,one person,ひとり,hitori,1
一人,japanese,being alone,ひとり,hitori,1
一人,japanese,being by oneself,ひとり,hitori,1
一人,japanese,being single,ひとり,hitori,1
一人,japanese,being unmarried,ひとり,hitori,1
一人,japanese,by oneself,ひとり,hitori,1
一人,japanese,alone,ひとり,hitori,1
一人,japanese,just,ひとり,hitori,1
一人,japanese,only,ひとり,hitori,1
一人,japanese,simply,ひとり,hitori,1
主人,japanese,head (of a household),しゅじん,shujin,1
主人,japanese,proprietor (of a store),しゅじん,shujin,1
主人,japanese,proprietress,しゅじん,shujin,1
主人,japanese,landlord,しゅじん,shujin,1
主人,japanese,landlady,しゅじん,shujin,1
主人,japanese,one's husband,しゅじん,shujin,1
主人,japanese,(one's) employer,しゅじん,shujin,1
主人,japanese,(one's) master,しゅじん,shujin,1
主人,japanese,host,しゅじん,shujin,1
主人,japanese,hostess,しゅじん,shujin,1
商人,japanese,merchant,しょうにん,shounin,1
商人,japanese,trader,しょうにん,shounin,1
商人,japanese,tradesman,しょうにん,shounin,1
商人,japanese,dealer,しょうにん,shounin,1
商人,japanese,shopkeeper,しょうにん,shounin,1
人,japanese,person,ひと,hito,1
人,japanese,someone,ひと,hito,1
人,japanese,somebody,ひと,hito,1
人,japanese,human beings,ひと,hito,1
人,japanese,mankind,ひと,hito,1
人,japanese,man,ひと,hito,1
人,japanese,people,ひと,hito,1
人,japanese,humans,ひと,hito,1
人,japanese,human (Homo sapiens),ひと,hito,1
人,japanese,(other) people,ひと,hito,1
人,japanese,others,ひと,hito,1
人,japanese,character,ひと,hito,1
人,japanese,personality,ひと,hito,1
人,japanese,nature,ひと,hito,1
人,japanese,capable person,ひと,hito,1
人,japanese,competent person,ひと,hito,1
人,japanese,suitable person,ひと,hito,1
人,japanese,right person,ひと,hito,1
人,japanese,adult,ひと,hito,1
人,japanese,grown-up,ひと,hito,1
人,japanese,I,ひと,hito,1
人,japanese,me,ひと,hito,1
人,japanese,one,ひと,hito,1
人々,japanese,people,ひとびと,hitobito,1
人々,japanese,men and women,ひとびと,hitobito,1
人々,japanese,each person,ひとびと,hitobito,1
人々,japanese,everybody,ひとびと,hitobito,1
人影,japanese,figure of a person,ひとかげ,hitokage,1
人影,japanese,figures of people,ひとかげ,hitokage,1
人影,japanese,shadow of a person,ひとかげ,hitokage,1
人証,japanese,testimony of a witness,じんしょう,jinshou,0
人心,japanese,human nature,じんしん,jinshin,1
人心,japanese,human heart,じんしん,jinshin,1
人心,japanese,human spirit,じんしん,jinshin,1
人心,japanese,kindness,じんしん,jinshin,1
人心,japanese,sympathy,じんしん,jinshin,1
人心,japanese,public feeling,じんしん,jinshin,1
人心,japanese,people's sentiments,じんしん,jinshin,1
人心,japanese,consciousness,じんしん,jinshin,1
人心,japanese,awareness,じんしん,jinshin,1
人身,japanese,the human body,じんしん,jinshin,0
人身,japanese,one's person,じんしん,jinshin,0
人数,japanese,the number of people,にんずう,ninzuu,1
人数,japanese,many people,にんずう,ninzuu,1
人数,japanese,a large number of people,にんずう,ninzuu,1
人跡,japanese,signs of human habitation,じんせき,jinseki,0
人徳,japanese,natural virtue,じんとく,jintoku,0
人徳,japanese,personal virtue,じんとく,jintoku,0
人文,japanese,humanity,じんぶん,jinbun,1
人文,japanese,civilization,じんぶん,jinbun,1
人文,japanese,civilisation,じんぶん,jinbun,1
人文,japanese,culture,じんぶん,jinbun,1
人目,japanese,(public) notice,ひとめ,hitome,1
人目,japanese,attention,ひとめ,hitome,1
人目,japanese,public eye,ひとめ,hitome,1
人目,japanese,public gaze,ひとめ,hitome,1
人力,japanese,human power,じんりき,jinriki,0
人力,japanese,human strength,じんりき,jinriki,0
人力,japanese,human effort,じんりき,jinriki,0
人力,japanese,human agency,じんりき,jinriki,0
他人,japanese,another person,たにん,tanin,1
他人,japanese,other people,たにん,tanin,1
他人,japanese,others,たにん,tanin,1
他人,japanese,unrelated person (i.e. not related by blood),たにん,tanin,1
他人,japanese,outsider,たにん,tanin,1
他人,japanese,stranger,たにん,tanin,1
天人,japanese,God and man,てんじん,tenjin,0
天人,japanese,heaven and man,てんじん,tenjin,0
同人,japanese,same person,どうじん,doujin,1
同人,japanese,said person,どうじん,doujin,1
同人,japanese,the person in question,どうじん,doujin,1
同人,japanese,coterie,どうじん,doujin,1
同人,japanese,clique,どうじん,doujin,1
同人,japanese,fraternity,どうじん,doujin,1
同人,japanese,kindred spirits,どうじん,doujin,1
同人,japanese,comrade,どうじん,doujin,1
同人,japanese,colleague,どうじん,doujin,1
同人,japanese,dōjin,どうじん,doujin,1
同人,japanese,doujin,どうじん,doujin,1
同人,japanese,"Japanese fans or hobbyists who produce their own magazines, manga, software, etc.",どうじん,doujin,1
二人,japanese,two persons,ふたり,futari,1
二人,japanese,two people,ふたり,futari,1
二人,japanese,pair,ふたり,futari,1
二人,japanese,couple,ふたり,futari,1
別人,japanese,different person,べつじん,betsujin,1
別人,japanese,another person,べつじん,betsujin,1
別人,japanese,someone else,べつじん,betsujin,1
別人,japanese,changed man,べつじん,betsujin,1
凡人,japanese,ordinary person,ぼんじん,bonjin,1
凡人,japanese,average person,ぼんじん,bonjin,1
凡人,japanese,mediocre person,ぼんじん,bonjin,1
万人,japanese,all people,ばんにん,bannin,1
万人,japanese,everybody,ばんにん,bannin,1
余人,japanese,others,よじん,yojin,1
余人,japanese,other people,よじん,yojin,1
人知,japanese,human intellect,じんち,jinchi,0
人知,japanese,knowledge,じんち,jinchi,0
蛮人,japanese,savage,ばんじん,banjin,0
蛮人,japanese,barbarian,ばんじん,banjin,0
蛮人,japanese,aboriginal,ばんじん,banjin,0
人肌,japanese,the skin (of a human being),ひとはだ,hitohada,0
人肌,japanese,warmth of the skin,ひとはだ,hitohada,0
人肌,japanese,body warmth,ひとはだ,hitohada,0
同学,japanese,studying the same subject,どうがく,dougaku,0
同学,japanese,studying at the same school,どうがく,dougaku,0
同学,japanese,studying under the same teacher,どうがく,dougaku,0
同学,japanese,schoolmate,どうがく,dougaku,0
同学,japanese,classmate,どうがく,dougaku,0
同学,japanese,fellow student,どうがく,dougaku,0
楽人,japanese,musician (esp. Gagaku),がくじん,gakujin,0
寡人,japanese,I,かじん,kajin,0
寡人,japanese,me,かじん,kajin,0
学際,japanese,interdisciplinary,がくさい,gakusai,1
義人,japanese,"selfless (pious, righteous) man",ぎじん,gijin,0
地学,japanese,earth science,ちがく,chigaku,0
地学,japanese,geoscience,ちがく,chigaku,0
良人,japanese,husband,りょうじん,ryoujin,0
良人,japanese,good person,りょうじん,ryoujin,0
堅人,japanese,square,かたじん,katajin,0
堅人,japanese,trustworthy person,かたじん,katajin,0
遊学,japanese,studying abroad,ゆうがく,yuugaku,0
遊学,japanese,travelling to study,ゆうがく,yuugaku,0
遊学,japanese,traveling to study,ゆうがく,yuugaku,0
学び,japanese,learning,まなび,manabi,0
学び,japanese,study,まなび,manabi,0
人偏,japanese,"kanji ""person radical"" (radical 9)",にんべん,ninben,0
先学,japanese,academic predecessor,せんがく,sengaku,0
先学,japanese,scholars of the past,せんがく,sengaku,0
先学,japanese,senior scholar,せんがく,sengaku,0
私学,japanese,"private (non-governmental) school (college, university)",しがく,shigaku,1
貴人,japanese,aristocrat,きじん,kijin,0
貴人,japanese,nobleman,きじん,kijin,0
貴人,japanese,dignitary,きじん,kijin,0
貴人,japanese,person of high rank,きじん,kijin,0
唐人,japanese,Chinese person,とうじん,toujin,0
唐人,japanese,foreigner,とうじん,toujin,0
落人,japanese,defeated soldier fleeing the enemy,おちうど,ochiudo,0
幾人,japanese,how many people,いくにん,ikunin,0
蔵人,japanese,keeper of imperial archives,くろうど,kuroudo,0
蔵人,japanese,worker skilled in the brewing of sake or soy sauce,くろうど,kuroudo,0
工人,japanese,workman,こうじん,koujin,0
工人,japanese,craftsman,こうじん,koujin,0
工人,japanese,laborer,こうじん,koujin,0
工人,japanese,labourer,こうじん,koujin,0
工人,japanese,artisan,こうじん,koujin,0
客人,japanese,caller,きゃくじん,kyakujin,0
客人,japanese,visitor,きゃくじん,kyakujin,0
客人,japanese,company,きゃくじん,kyakujin,0
客人,japanese,guest,きゃくじん,kyakujin,0
通人,japanese,man of the world,つうじん,tsuujin,0
通人,japanese,man about town,つうじん,tsuujin,0
通人,japanese,dilettante,つうじん,tsuujin,0
通人,japanese,well-informed person,つうじん,tsuujin,0
船人,japanese,sailor,ふなびと,funabito,0
船人,japanese,boatman,ふなびと,funabito,0
船人,japanese,passenger,ふなびと,funabito,0
国学,japanese,study of classical Japanese literature and culture,こくがく,kokugaku,1
国学,japanese,provincial school (established under the ritsuryō system for educating children of district governors),こくがく,kokugaku,1
国学,japanese,"school (of a provincial capital during the Xia, Shang and Zhou dynasties)",こくがく,kokugaku,1
国人,japanese,indigenous person,こくじん,kokujin,1
国人,japanese,inhabitant of a country,こくじん,kokujin,1
国人,japanese,local,こくじん,kokujin,1
国人,japanese,native,こくじん,kokujin,1
国人,japanese,local lords and samurai,こくじん,kokujin,1
国人,japanese,daimyo who did not leave his domains to meet the shogun in Kyoto (during the Muromachi period),こくじん,kokujin,1
茶人,japanese,master of the tea ceremony,ちゃじん,chajin,0
茶人,japanese,person with eccentric tastes,ちゃじん,chajin,0
情人,japanese,lover,じょうじん,joujin,0
情人,japanese,sweetheart,じょうじん,joujin,0
情人,japanese,mistress,じょうじん,joujin,0
官学,japanese,government school,かんがく,kangaku,0
矮人,japanese,dwarf,わいじん,waijin,0
攻学,japanese,dedication to study or research,こうがく,kougaku,0
後人,japanese,posterity,こうじん,koujin,0
後人,japanese,future generations,こうじん,koujin,0
行人,japanese,passer-by,こうじん,koujin,0
行人,japanese,traveler,こうじん,koujin,0
行人,japanese,traveller,こうじん,koujin,0
雅人,japanese,individual of taste,がじん,gajin,0
竺学,japanese,Indian studies,じくがく,jikugaku,0
竺学,japanese,Buddhist studies,じくがく,jikugaku,0
衆人,japanese,the people,しゅうじん,shuujin,0
衆人,japanese,the public,しゅうじん,shuujin,0
都人,japanese,residents of the capital,みやこびと,miyakobito,0
都人,japanese,townsfolk,みやこびと,miyakobito,0
諸人,japanese,many people,もろびと,morobito,0
諸人,japanese,everyone,もろびと,morobito,0
諸人,japanese,all sorts of people,もろびと,morobito,0
党人,japanese,(dyed-in-the-wool) party member,とうじん,toujin,0
党人,japanese,party man,とうじん,toujin,0
党人,japanese,party woman,とうじん,toujin,0
転学,japanese,transferring from one college (or one department) to another,てんがく,tengaku,0
実学,japanese,practical science,じつがく,jitsugaku,0
対人,japanese,personal,たいじん,taijin,0
対人,japanese,inter-personal,たいじん,taijin,0
漢人,japanese,Chinese person (esp. Han Chinese),かんじん,kanjin,0
漢学,japanese,Sinology,かんがく,kangaku,0
漢学,japanese,study of China or of the Chinese classics,かんがく,kangaku,0
家人,japanese,retainer,けにん,kenin,0
家人,japanese,vassal,けにん,kenin,0
家人,japanese,servant,けにん,kenin,0
文人,japanese,person of letters,ぶんじん,bunjin,0
文人,japanese,literary person,ぶんじん,bunjin,0
門人,japanese,pupil,もんじん,monjin,0
門人,japanese,student,もんじん,monjin,0
門人,japanese,follower,もんじん,monjin,0
宮人,japanese,(noble) courtier,みやびと,miyabito,0
星学,japanese,astronomy,せいがく,seigaku,0
売人,japanese,trader,ばいにん,bainin,0
売人,japanese,smuggler,ばいにん,bainin,0
売人,japanese,pusher,ばいにん,bainin,0
売人,japanese,drug dealer,ばいにん,bainin,0
売人,japanese,drug runner,ばいにん,bainin,0
山人,japanese,mountain folk,やまびと,yamabito,0
山人,japanese,hermit,やまびと,yamabito,0
山人,japanese,mountain wizard,やまびと,yamabito,0
山人,japanese,"word used as part of a pseudonym by artists, writers, etc.",やまびと,yamabito,0
視学,japanese,school inspector,しがく,shigaku,0
学才,japanese,academic ability,がくさい,gakusai,0
学外,japanese,outside the school,がくがい,gakugai,0
学外,japanese,outside the university,がくがい,gakugai,0
学外,japanese,unaffiliated with the university,がくがい,gakugai,0
学外,japanese,off-campus,がくがい,gakugai,0
学外,japanese,extramural,がくがい,gakugai,0
学事,japanese,educational affairs,がくじ,gakuji,0
学制,japanese,educational or school system,がくせい,gakusei,0
学風,japanese,academic traditions,がくふう,gakufuu,0
学風,japanese,academic school of thought,がくふう,gakufuu,0
学風,japanese,method of study,がくふう,gakufuu,0
学修,japanese,study,がくしゅう,gakushuu,0
学修,japanese,learning,がくしゅう,gakushuu,0
学窓,japanese,school,がくそう,gakusou,0
学務,japanese,school affairs,がくむ,gakumu,0
学報,japanese,academic bulletin,がくほう,gakuhou,0
学報,japanese,school gazette,がくほう,gakuhou,0
学僕,japanese,working student,がくぼく,gakuboku,0
学徳,japanese,learning and virtue,がくとく,gakutoku,0
学績,japanese,school record,がくせき,gakuseki,0
学績,japanese,achievement,がくせき,gakuseki,0
教学,japanese,education and learning,きょうがく,kyougaku,0
氏人,japanese,lineal descendant,うじびと,ujibito,0
氏人,japanese,clan member,うじびと,ujibito,0
神人,japanese,gods and men,しんじん,shinjin,0
神人,japanese,godlike person,しんじん,shinjin,0
神人,japanese,person as powerful as a god,しんじん,shinjin,0
神人,japanese,person as refined as a god,しんじん,shinjin,0
神人,japanese,low-ranking Shinto priest,しんじん,shinjin,0
私人,japanese,private individual,しじん,shijin,0
道学,japanese,ethics,どうがく,dougaku,0
道学,japanese,moral philosophy,どうがく,dougaku,0
道学,japanese,(study of) Confucianism (esp. neo-Confucianism),どうがく,dougaku,0
道学,japanese,(study of) Taoism,どうがく,dougaku,0
道学,japanese,Shingaku (Edo-period moral philosophy),どうがく,dougaku,0
海人,japanese,"male diver (who collects shells, seaweed, etc.)",あま,ama,0
海人,japanese,fisherman,あま,ama,0
商学,japanese,commercial science,しょうがく,shougaku,1
鉄人,japanese,iron man,てつじん,tetsujin,0
鉄人,japanese,strong man,てつじん,tetsujin,0
鉄人,japanese,(steel-clad) robot,てつじん,tetsujin,0
大人,japanese,person of virtue,たいじん,taijin,0
大人,japanese,great person,たいじん,taijin,0
大人,japanese,magnanimous person,たいじん,taijin,0
大人,japanese,giant,たいじん,taijin,0
大人,japanese,adult,たいじん,taijin,0
大人,japanese,exalted person,たいじん,taijin,0
心学,japanese,study of the mind (in neo-Confucianism),しんがく,shingaku,0
心学,japanese,Shingaku,しんがく,shingaku,0
心学,japanese,"Edo-period moral philosophy that blended Buddhist, Shinto and Confucian ethical teachings",しんがく,shingaku,0
洋学,japanese,Western learning (introduced to Japan in the late-Edo and early-Meiji periods),ようがく,yougaku,0
里人,japanese,villager,さとびと,satobito,0
里人,japanese,village folk,さとびと,satobito,0
里人,japanese,countryfolk,さとびと,satobito,0
鳥人,japanese,aviator,ちょうじん,choujin,0
鳥人,japanese,flying ace,ちょうじん,choujin,0
鳥人,japanese,birdman,ちょうじん,choujin,0
常人,japanese,ordinary person,じょうじん,joujin,0
常人,japanese,run-of-the-mill people,じょうじん,joujin,0
常人,japanese,John Doe,じょうじん,joujin,0
常人,japanese,Jane Doe,じょうじん,joujin,0
奨学,japanese,encouragement to study,しょうがく,shougaku,1
禅学,japanese,Zen studies,ぜんがく,zengaku,0
禅学,japanese,Zen practice,ぜんがく,zengaku,0
県人,japanese,native of a prefecture,けんじん,kenjin,0
時人,japanese,contemporaries,じじん,jijin,0
詩学,japanese,study of poetry,しがく,shigaku,0
詩学,japanese,poetics,しがく,shigaku,0
全学,japanese,whole college,ぜんがく,zengaku,1
復学,japanese,return to school,ふくがく,fukugaku,0
経学,japanese,Confucianism,けいがく,keigaku,0
流人,japanese,(an) exile,るにん,runin,0
流人,japanese,vagrant,るにん,runin,0
流人,japanese,wanderer,るにん,runin,0
流人,japanese,nomad,るにん,runin,0
騒人,japanese,poet,そうじん,soujin,0
要人,japanese,important person,ようじん,youjin,1
斯学,japanese,this academic subject,しがく,shigaku,0
雑人,japanese,low-call people,ぞうにん,zounin,0
浦人,japanese,seaside dweller,うらびと,urabito,0
黄人,japanese,yellow-skinned person,こうじん,koujin,0
黄人,japanese,Oriental,こうじん,koujin,0
学兄,japanese,my learned friend,がっけい,gakkei,0
奇人,japanese,queer fellow,きじん,kijin,0
奇人,japanese,odd fellow,きじん,kijin,0
奇人,japanese,eccentric person,きじん,kijin,0
奇人,japanese,crank,きじん,kijin,0
奇人,japanese,oddball,きじん,kijin,0
奇人,japanese,freak,きじん,kijin,0
稿人,japanese,straw figure,こうじん,koujin,0
宿学,japanese,renowned scholar,しゅくがく,shukugaku,0
人我,japanese,oneself and others,じんが,jinga,0
巴人,japanese,resident of ancient Sichuan,はじん,hajin,0
巴人,japanese,bumpkin,はじん,hajin,0
巴人,japanese,uncultivated person,はじん,hajin,0
巴人,japanese,yokel,はじん,hajin,0
用人,japanese,manager,ようにん,younin,0
用人,japanese,steward,ようにん,younin,0
用人,japanese,factotum,ようにん,younin,0
用人,japanese,person next in rank to the chief retainers and in charge of general management and accounting in a samurai family (Edo period),ようにん,younin,0
用人,japanese,useful person,ようにん,younin,0
弋人,japanese,hunter,よくじん,yokujin,0
弋人,japanese,archer,よくじん,yokujin,0
蘭人,japanese,Dutchman,らんじん,ranjin,0
蘭人,japanese,Dutchwoman,らんじん,ranjin,0
不学,japanese,unlearned,ふがく,fugaku,0
不学,japanese,uneducated,ふがく,fugaku,0
建学,japanese,founding of a school,けんがく,kengaku,0
人定,japanese,confirmation of someone's identity,じんてい,jintei,0
人定,japanese,enactment,じんてい,jintei,0
人定,japanese,establishment,じんてい,jintei,0
人定,japanese,creation,じんてい,jintei,0
図学,japanese,graphics,ずがく,zugaku,0
人様,japanese,other people,ひとさま,hitosama,1
人様,japanese,others,ひとさま,hitosama,1
学,japanese,learning,がく,gaku,1
学,japanese,scholarship,がく,gaku,1
学,japanese,study,がく,gaku,1
学,japanese,erudition,がく,gaku,1
学,japanese,knowledge,がく,gaku,1
学,japanese,education,がく,gaku,1
学,japanese,study of ...,がく,gaku,1
学,japanese,-ology,がく,gaku,1
学,japanese,-ics,がく,gaku,1
岳人,japanese,alpinist,がくじん,gakujin,0
岳人,japanese,mountaineer,がくじん,gakujin,0
英人,japanese,Briton,えいじん,eijin,0
英人,japanese,Englishman,えいじん,eijin,0
米人,japanese,American person,べいじん,beijin,1
四人,japanese,four people,よにん,yonin,1
何人,japanese,anyone,なにびと,nanibito,1
何人,japanese,any person,なにびと,nanibito,1
何人,japanese,whoever,なにびと,nanibito,1
学参,japanese,study reference,がくさん,gakusan,0
学参,japanese,study-aid book,がくさん,gakusan,0
中人,japanese,go-between,ちゅうじん,chuujin,0
中人,japanese,intermediary,ちゅうじん,chuujin,0
中人,japanese,middleman,ちゅうじん,chuujin,0
中人,japanese,mediator,ちゅうじん,chuujin,0
中人,japanese,"person of middling ability, talent, etc.",ちゅうじん,chuujin,0
中人,japanese,average person,ちゅうじん,chuujin,0
中人,japanese,middle-class person,ちゅうじん,chuujin,0
人間,japanese,the world,じんかん,jinkan,0
虚学,japanese,"the soft sciences (social science, humanities, etc.)",きょがく,kyogaku,0
本学,japanese,this university,ほんがく,hongaku,0
本学,japanese,this educational establishment,ほんがく,hongaku,0
獣人,japanese,(fictional) fusion of human and animal,じゅうじん,juujin,0
獣人,japanese,therianthrope,じゅうじん,juujin,0
獣人,japanese,furry,じゅうじん,juujin,0
獣人,japanese,human beast,じゅうじん,juujin,0
学債,japanese,school bond or debenture,がくさい,gakusai,0
人中,japanese,in company,じんちゅう,jinchuu,0
人中,japanese,among people,じんちゅう,jinchuu,0
人中,japanese,philtrum,じんちゅう,jinchuu,0
鮮人,japanese,Korean person,せんじん,senjin,0
星人,japanese,person from (the planet of),せいじん,seijin,0
人日,japanese,man-day,にんにち,ninnichi,0
人日,japanese,person-day,にんにち,ninnichi,0
人日,japanese,Jinjitsu (one of the five annual festivals; celebrated on the seventh day of the first month of the lunar calendar),じんじつ,jinjitsu,0
菌学,japanese,mycology,きんがく,kingaku,0
菌学,japanese,fungology,きんがく,kingaku,0
開学,japanese,establishment of a university,かいがく,kaigaku,0
人鳥,japanese,penguin,じんちょう,jinchou,0
座学,japanese,classroom learning (as contrasted to practical training),ざがく,zagaku,0
座学,japanese,classroom lecture,ざがく,zagaku,0
座学,japanese,desk study,ざがく,zagaku,0
人,japanese,counter for people,にん,nin,1
人気,japanese,prevailing mood of a locality,じんき,jinki,0
人気,japanese,emotional climate of a district,じんき,jinki,0
学活,japanese,class activities,がっかつ,gakkatsu,0
学活,japanese,homeroom activities,がっかつ,gakkatsu,0
人頭,japanese,skull,ひとがしら,hitogashira,0
人頭,japanese,cranium,ひとがしら,hitogashira,0
人頭,japanese,"kanji ""person"" radical at top",ひとがしら,hitogashira,0
人界,japanese,spiritual realm of humanity,にんがい,ningai,0
人界,japanese,world of man,じんかい,jinkai,0
勤学,japanese,studying while working,きんがく,kingaku,0
何人,japanese,what nationality,なにじん,nanijin,0
旧人,japanese,paleoanthropic man (e.g. Neanderthal),きゅうじん,kyuujin,0
益人,japanese,people,ますひと,masuhito,0
益人,japanese,subjects,ますひと,masuhito,0
益人,japanese,populace,ますひと,masuhito,0
官人,japanese,government official (esp. one of low to medium rank),かんにん,kannin,0
官人,japanese,public servant,かんにん,kannin,0
宋学,japanese,Song-period neo-Confucianism (based esp. on the teachings of Zhu Xi),そうがく,sougaku,0
舞人,japanese,dancer (esp. a bugaku dancer),まいびと,maibito,0
人長,japanese,chief kagura dancer (of kagura performed at the imperial palace),にんじょう,ninjou,0
真人,japanese,Mahito (highest of the eight hereditary titles),まひと,mahito,0
真人,japanese,you,まひと,mahito,0
学食,japanese,school cafeteria,がくしょく,gakushoku,0
産学,japanese,industry-academic,さんがく,sangaku,0
産学,japanese,industry-university,さんがく,sangaku,0
士人,japanese,samurai,しじん,shijin,0
士人,japanese,person of extensive learning,しじん,shijin,0
士人,japanese,person of great culture,しじん,shijin,0
士人,japanese,person of superior social standing,しじん,shijin,0
我人,japanese,you,わひと,wahito,0
貴学,japanese,your university,きがく,kigaku,0
人月,japanese,man month,にんげつ,ningetsu,0
人月,japanese,man-month,にんげつ,ningetsu,0
漢人,japanese,Chinese immigrant,あやひと,ayahito,0
唐人,japanese,Chinese person,からびと,karabito,0
唐人,japanese,Korean person,からびと,karabito,0
食人,japanese,cannibalism,しょくじん,shokujin,0
食人,japanese,anthropophagism,しょくじん,shokujin,0
旅人,japanese,itinerant (esp. itinerant gambler),たびにん,tabinin,0
旅人,japanese,drifter,たびにん,tabinin,0
旅人,japanese,nomad,たびにん,tabinin,0
旅人,japanese,rover,たびにん,tabinin,0
婚人,japanese,suitor,よばいびと,yobaibito,0
諸学,japanese,various studies,しょがく,shogaku,0
石人,japanese,stone image of people,せきじん,sekijin,0
兼学,japanese,concurrently studying the teachings of two or more different schools or sects,けんがく,kengaku,0
人見,japanese,slit in the curtains that allows someone on stage to see the audience (in kabuki theatre),ひとみ,hitomi,0
人見,japanese,public eye,ひとみ,hitomi,0
人見,japanese,feeling of being watched,ひとみ,hitomi,0
人見,japanese,casual observers,ひとみ,hitomi,0
厨人,japanese,chef,ちゅうじん,chuujin,0
厨人,japanese,head cook,ちゅうじん,chuujin,0
舎人,japanese,servant,しゃじん,shajin,0
舎人,japanese,valet,しゃじん,shajin,0
舎人,japanese,footman,しゃじん,shajin,0
舎人,japanese,someone who works in close quarters with the emperor or imperial family,しゃじん,shajin,0
舎人,japanese,low-ranking official who works for the imperial family or nobility (under the ritsuryō system),しゃじん,shajin,0
舎人,japanese,ox-tender for oxcarts,しゃじん,shajin,0
舎人,japanese,horse boy,しゃじん,shajin,0
舎人,japanese,honorary junior official of the Imperial Household Department's Board of Ceremonies involved in miscellaneous duties related to ceremonies,しゃじん,shajin,0
東学,japanese,Tonghak (19th century Korean religious movement),とうがく,tougaku,0
学匠,japanese,scholar,がくしょう,gakushou,0
学匠,japanese,Buddhist scholar,がくしょう,gakushou,0
学匠,japanese,researcher at a Buddhist temple,がくしょう,gakushou,0
学匠,japanese,person studying Buddhism,がくしょう,gakushou,0
学生,japanese,Heian-period student of government administration,がくしょう,gakushou,0
学生,japanese,Buddhist scholar,がくしょう,gakushou,0
学生,japanese,researcher at a Buddhist temple,がくしょう,gakushou,0
学生,japanese,person studying Buddhism,がくしょう,gakushou,0
学生,japanese,learning,がくしょう,gakushou,0
学生,japanese,scholarship,がくしょう,gakushou,0
歌人,japanese,(skilled) tanka poet,うたびと,utabito,0
歌人,japanese,official in charge of court poetry and music (under the ritsuryō system),うたびと,utabito,0
歌人,japanese,poet,うたびと,utabito,0
仏人,japanese,French person,ふつじん,futsujin,0
仏人,japanese,Frenchman,ふつじん,futsujin,0
仏人,japanese,Frenchwoman,ふつじん,futsujin,0
誰人,japanese,whichever person (indefinite pronoun),たれびと,tarebito,0
誰人,japanese,everyone,たれびと,tarebito,0
誰人,japanese,every person,たれびと,tarebito,0
誰人,japanese,all,たれびと,tarebito,0
伯人,japanese,Brazilian (person),はくじん,hakujin,0
念人,japanese,"assistant in a competition (e.g. cockfight, archery, poetry contest)",ねんにん,nennin,0
念人,japanese,older male in an homosexual relationship,ねんにん,nennin,0
農人,japanese,farmer,のうじん,noujin,0
農人,japanese,peasant,のうじん,noujin,0
来学,japanese,coming to school,らいがく,raigaku,0
来学,japanese,coming to university,らいがく,raigaku,0
骨学,japanese,osteology,こつがく,kotsugaku,0
宗学,japanese,study of religious doctrine,しゅうがく,shuugaku,0
人孔,japanese,manhole,じんこう,jinkou,0
人穴,japanese,volcanic cave traditionally said to be inhabited,ひとあな,hitoana,0
徒人,japanese,ordinary person,ただびと,tadabito,0
徒人,japanese,untitled individual,ただびと,tadabito,0
徒人,japanese,useless fellow,いたずらびと,itazurabito,0
徒人,japanese,down-and-out person,いたずらびと,itazurabito,0
徒人,japanese,dead person,いたずらびと,itazurabito,0
徒人,japanese,walker,かちびと,kachibito,0
徒人,japanese,person going by foot,かちびと,kachibito,0
徒人,japanese,prisoner (for one to three years under the ritsuryō system),ずにん,zunin,0
徒人,japanese,capricious person,あだびと,adabito,0
徒人,japanese,fickle person,あだびと,adabito,0
徒人,japanese,stylish person,あだびと,adabito,0
洛学,japanese,Luo Xue school (neo-Confucianist school),らくがく,rakugaku,0
楽人,japanese,carefree person,らくじん,rakujin,0
楽人,japanese,person living at his ease,らくじん,rakujin,0
熱学,japanese,theory of heat,ねつがく,netsugaku,0
熱学,japanese,thermal science,ねつがく,netsugaku,0
熱学,japanese,thermology,ねつがく,netsugaku,0
梵学,japanese,study of Sanskrit,ぼんがく,bongaku,0
梵学,japanese,study of Buddhism,ぼんがく,bongaku,0
害人,japanese,foreigner,がいじん,gaijin,0
害人,japanese,gaijin,がいじん,gaijin,0
紅学,japanese,redology,こうがく,kougaku,0
紅学,japanese,"study of the novel Dream of the Red Chamber by Cao Xueqin, one of China's four great classical novels",こうがく,kougaku,0
学的,japanese,scholarly,がくてき,gakuteki,0
学的,japanese,scholastic,がくてき,gakuteki,0
学的,japanese,academic,がくてき,gakuteki,0
神人,japanese,shrine maiden,かみんちゅ,kaminchu,0
鄙人,japanese,countryfolk,ひなびと,hinabito,0
鄙人,japanese,villager,ひなびと,hinabito,0
鄙人,japanese,provincial,ひなびと,hinabito,0
鄙人,japanese,greedy person,ひなびと,hinabito,0
鄙人,japanese,underclass,ひなびと,hinabito,0
鄙人,japanese,low-standing person,ひなびと,hinabito,0
三学,japanese,threefold training,さんがく,sangaku,0
三学,japanese,three divisions of the noble eightfold path,さんがく,sangaku,0
人和,japanese,blessing of man,レンホー,renho-,0
人和,japanese,winning with a discard in the first turn,レンホー,renho-,0
酒人,japanese,person in charge of the brewing of sacrificial wine,さかびと,sakabito,0
人繞,japanese,"kanji ""legs radical"" (radical 10)",にんにょう,ninnyou,0
亜人,japanese,subhuman,あじん,ajin,0
亜人,japanese,demi-human,あじん,ajin,0
亜人,japanese,Argentinian (person),あじん,ajin,0
亜人,japanese,American (person),あじん,ajin,0
人脳,japanese,human brain,じんのう,jinnou,0
仲人,japanese,go-between,なかびと,nakabito,0
仲人,japanese,matchmaker,なかびと,nakabito,0
跳人,japanese,Nebuta festival dancer,はねと,haneto,0
属人,japanese,personal,ぞくじん,zokujin,0
属人,japanese,individual,ぞくじん,zokujin,0
人狼,japanese,werewolf,じんろう,jinrou,0
人狼,japanese,Werewolf (social deduction game),じんろう,jinrou,0
人狼,japanese,Mafia,じんろう,jinrou,0
郷学,japanese,"village school (esp. in Edo-era Japan, and ancient Korea and China)",ごうがく,gougaku,0
学法,japanese,(legally) incorporated educational institution,がくほう,gakuhou,0
凶人,japanese,scoundrel,きょうじん,kyoujin,0
凶人,japanese,ruffian,きょうじん,kyoujin,0
凶人,japanese,villain,きょうじん,kyoujin,0
人獣,japanese,humans and animals,じんじゅう,jinjuu,0
人獣,japanese,humans and beasts,じんじゅう,jinjuu,0
人獣,japanese,beast in human form,じんじゅう,jinjuu,0
学都,japanese,university town,がくと,gakuto,0
学都,japanese,college town,がくと,gakuto,0
桜人,japanese,cherry blossom viewer,さくらびと,sakurabito,0
桜人,japanese,cherry blossom admirer,さくらびと,sakurabito,0
華人,japanese,"ethnic Chinese (living abroad, esp. with non-Chinese citizenship)",かじん,kajin,0
華人,japanese,overseas Chinese,かじん,kajin,0
人才,japanese,capable person,じんさい,jinsai,0
人才,japanese,talented person,じんさい,jinsai,0
人手,japanese,someone else's hands,ひとで,hitode,0
人手,japanese,someone else's possession,ひとで,hitode,0
人手,japanese,hand (worker),ひとで,hitode,0
人手,japanese,aide,ひとで,hitode,0
人手,japanese,labor,ひとで,hitode,0
人手,japanese,labour,ひとで,hitode,0
人手,japanese,work,ひとで,hitode,0
人手,japanese,manpower,ひとで,hitode,0
人手,japanese,effort,ひとで,hitode,0
人手,japanese,help,ひとで,hitode,0
人手,japanese,assistance,ひとで,hitode,0
人手,japanese,(human) hand,ひとで,hitode,0
人手,japanese,human act,ひとで,hitode,0
天人,japanese,heavenly being,てんにん,tennin,0
天人,japanese,celestial being,てんにん,tennin,0
天人,japanese,celestial nymph,てんにん,tennin,0
天人,japanese,celestial maiden,てんにん,tennin,0
特学,japanese,special class for disabled children,とくがく,tokugaku,0
特学,japanese,special needs class,とくがく,tokugaku,0
遊人,japanese,someone without a fixed occupation,ゆうじん,yuujin,0
遊人,japanese,man of leisure,ゆうじん,yuujin,0
遊人,japanese,playboy,ゆうじん,yuujin,0
海人,japanese,fisherman,うみんちゅ,uminchu,0
人虎,japanese,werecat,じんこ,jinko,0
文人,japanese,person of letters,ふみびと,fumibito,0
文人,japanese,poet,ふみびと,fumibito,0
隼人,japanese,Hayato,はやと,hayato,0
隼人,japanese,ethnic group which lived in Kyūshū in ancient times and opposed the state of Yamato,はやと,hayato,0
隼人,japanese,man from Kagoshima,はやと,hayato,0
相人,japanese,physiognomist,そうにん,sounin,0
幻人,japanese,witchcraft user,げんじん,genjin,0
幻人,japanese,magician,げんじん,genjin,0
英学,japanese,study of the English language as a means to acquire Western knowledge (esp. after the end of Japan's period of isolation),えいがく,eigaku,0
英学,japanese,English literature,えいがく,eigaku,0
英学,japanese,British studies,えいがく,eigaku,0
丈人,japanese,elder,じょうじん,joujin,0
丈人,japanese,senior,じょうじん,joujin,0
丈人,japanese,wife's father,じょうじん,joujin,0
丈人,japanese,father-in-law,じょうじん,joujin,0
人年,japanese,person-year,じんねん,jinnen,0
人年,japanese,man-year,じんねん,jinnen,0
別学,japanese,single-sex education,べつがく,betsugaku,0
放学,japanese,expulsion from school,ほうがく,hougaku,0
放学,japanese,dismissal of class (at the end of the day),ほうがく,hougaku,0
性学,japanese,sexology,せいがく,seigaku,0
初学,japanese,learning (a subject) for the first time,しょがく,shogaku,0
初学,japanese,start of one's study,しょがく,shogaku,0
聖人,japanese,person on the path to enlightenment,しょうにん,shounin,0
聖人,japanese,Buddha,しょうにん,shounin,0
聖人,japanese,bodhisattva,しょうにん,shounin,0
聖人,japanese,high priest,しょうにん,shounin,0
人用,japanese,human usage,じんよう,jinyou,0
人用,japanese,(for) use by people,じんよう,jinyou,0
願人,japanese,petitioner,がんにん,gannin,0
願人,japanese,person who prays,がんにん,gannin,0
願人,japanese,beggar-priest,がんにん,gannin,0
海人,japanese,seashore dweller,かいじん,kaijin,0
海人,japanese,fisherman,かいじん,kaijin,0
海人,japanese,sea god,かいじん,kaijin,0
海人,japanese,Poseidon,かいじん,kaijin,0
海人,japanese,Neptune,かいじん,kaijin,0
卜人,japanese,fortune teller,ぼくじん,bokujin,0
卜人,japanese,diviner,ぼくじん,bokujin,0
屠人,japanese,slaughterer,とじん,tojin,0
屠人,japanese,butcher,とじん,tojin,0
屠人,japanese,cook,とじん,tojin,0
庶人,japanese,commoner,しょじん,shojin,0
庶人,japanese,common people,しょじん,shojin,0
人天,japanese,earth and heaven,にんでん,ninden,0
人天,japanese,human and heavenly beings,にんでん,ninden,0
人海,japanese,sea of people,じんかい,jinkai,0
人海,japanese,(very large) crowd of people,じんかい,jinkai,0
人々,japanese,each person,にんにん,ninnin,0
人々,japanese,everybody,にんにん,ninnin,0
露人,japanese,Russian person,ろじん,rojin,0
自学,japanese,teaching oneself,じがく,jigaku,0
自学,japanese,learning by oneself,じがく,jigaku,0
自学,japanese,self-study,じがく,jigaku,0
自学,japanese,driving school,じがく,jigaku,0
現人,japanese,this present body,うつしおみ,utsushiomi,0
現人,japanese,this present existence,うつしおみ,utsushiomi,0
現人,japanese,this mortal frame,うつしおみ,utsushiomi,0
現人,japanese,layperson,うつしおみ,utsushiomi,0
現人,japanese,non-ordained person,うつしおみ,utsushiomi,0
和学,japanese,study of classical Japanese literature and culture,わがく,wagaku,0
和学,japanese,Japanology,わがく,wagaku,0
和学,japanese,Japanese studies,わがく,wagaku,0
人乳,japanese,human milk,じんにゅう,jinnyuu,0
人流,japanese,population flow,じんりゅう,jinryuu,0
人流,japanese,movement of people,じんりゅう,jinryuu,0
人流,japanese,flow of people,じんりゅう,jinryuu,0
人流,japanese,community mobility,じんりゅう,jinryuu,0
廃学,japanese,abandoning one's studies,はいがく,haigaku,0
廃学,japanese,quitting school,はいがく,haigaku,0
廃学,japanese,dropping out,はいがく,haigaku,0
廃学,japanese,closing down (of a school or university),はいがく,haigaku,0
廃学,japanese,defunct school,はいがく,haigaku,0
廃学,japanese,defunct university,はいがく,haigaku,0
化人,japanese,manifesting in human form (of a Buddha or Bodhisattva),けにん,kenin,0
化人,japanese,avatar,けにん,kenin,0
昔人,japanese,previous generations,むかしびと,mukashibito,0
昔人,japanese,people of the past,むかしびと,mukashibito,0
昔人,japanese,ancients,むかしびと,mukashibito,0
講学,japanese,pursuit of learning,こうがく,kougaku,0
講学,japanese,study,こうがく,kougaku,0
人数,japanese,the number of people,ひとかず,hitokazu,0
人数,japanese,(being counted as an) adult,ひとかず,hitokazu,0
毛人,japanese,Emishi,もうじん,moujin,0
毛人,japanese,non-Yamato peoples in northern Japan,もうじん,moujin,0
召人,japanese,person specially invited to compose and recite a poem at the Imperial New Year's Poetry Reading,めしうど,meshiudo,0
召人,japanese,person employed by the Imperial Court to compile anthologies of waka poetry,めしうど,meshiudo,0
召人,japanese,person summoned to perform bugaku (for the nobility),めしうど,meshiudo,0
末人,japanese,last man (Nietzsche's archetypal passive nihilist),まつじん,matsujin,0
人血,japanese,human blood,じんけつ,jinketsu,0
人型,japanese,human figure,ひとがた,hitogata,0
人型,japanese,human form,ひとがた,hitogata,0
人神,japanese,man-god,ひとがみ,hitogami,0
人神,japanese,person enshrined as a god,ひとがみ,hitogami,0
蜜人,japanese,mummy,みつじん,mitsujin,0
人狐,japanese,fox spirit that possesses people (typical of the Chūgoku region),ひとぎつね,hitogitsune,0
半人,japanese,useless,はんにん,hannin,0
半人,japanese,worthless,はんにん,hannin,0
半人,japanese,no good,はんにん,hannin,0
半人,japanese,half-man (esp. upper body),はんにん,hannin,0
半人,japanese,half day (e.g. when working),はんにん,hannin,0
魔人,japanese,sorcerer,まじん,majin,0
魔人,japanese,genie,まじん,majin,0
魔人,japanese,human with supernatural powers,まじん,majin,0
人狐,japanese,werefox,じんこ,jinko,0
小人,japanese,dwarf,こびと,kobito,1
小人,japanese,midget,こびと,kobito,1
小人,japanese,pygmy,こびと,kobito,1
小人,japanese,person of little importance,しょうじん,shoujin,0
小人,japanese,insignificant person,しょうじん,shoujin,0
小人,japanese,narrow-minded person,しょうじん,shoujin,0
小人,japanese,child,しょうじん,shoujin,0
小人,japanese,dwarf,しょうじん,shoujin,0
大人,japanese,adult,だいにん,dainin,0
中人,japanese,child in elementary or middle school,ちゅうにん,chuunin,0
車学,japanese,driving school,しゃがく,shagaku,0
動学,japanese,dynamics,どうがく,dougaku,0
動学,japanese,mechanics,どうがく,dougaku,0
動学,japanese,dynamics,どうがく,dougaku,0
人音,japanese,sound of someone (being near or coming),ひとおと,hitooto,0
九人,japanese,nine people,きゅうにん,kyuunin,0
伊人,japanese,Italian (person),いじん,ijin,0
五人,japanese,five people,ごにん,gonin,0
六人,japanese,six people,ろくにん,rokunin,0
七人,japanese,seven people,しちにん,shichinin,0
八人,japanese,eight people,はちにん,hachinin,0
十人,japanese,ten people,じゅうにん,juunin,0
盗人,japanese,thief,ぬすっと,nusutto,0
盗人,japanese,robber,ぬすっと,nusutto,0
匠人,japanese,craftsman,しょうじん,shoujin,0
匠人,japanese,artisan,しょうじん,shoujin,0
匠人,japanese,workman,しょうじん,shoujin,0
匠人,japanese,carpenter,しょうじん,shoujin,0
向学,japanese,desire for learning,こうがく,kougaku,0
向学,japanese,love of learning,こうがく,kougaku,0
胡人,japanese,barbarian from the north and west of China,こじん,kojin,0
胡人,japanese,Sogdian,こじん,kojin,0
胡人,japanese,native of Sogdiana,こじん,kojin,0
至人,japanese,sage,しじん,shijin,0
至人,japanese,morally perfect person,しじん,shijin,0
至人,japanese,highly virtuous person,しじん,shijin,0
鳥学,japanese,ornithology,ちょうがく,chougaku,0
雲学,japanese,nephology,くもがく,kumogaku,0
弊学,japanese,my university,へいがく,heigaku,0
大人,japanese,exalted person,うし,ushi,0
大人,japanese,person of high education,うし,ushi,0
大人,japanese,feudal lord,うし,ushi,0
大人,japanese,nobleman,うし,ushi,0
人損,japanese,personal damage (as opposed to property damage),じんそん,jinson,0
人損,japanese,personal injury,じんそん,jinson,0
人台,japanese,dressmaker's dummy,じんだい,jindai,0
人台,japanese,dress form,じんだい,jindai,0
人台,japanese,mannequin,じんだい,jindai,0
大人,japanese,giant,おおびと,oobito,0
学群,japanese,school (within a university),がくぐん,gakugun,0
学群,japanese,college,がくぐん,gakugun,0
学群,japanese,department,がくぐん,gakugun,0
啓学,japanese,Keigaku (publisher),けいがく,keigaku,0
帝人,japanese,Teijin,ていじん,teijin,0
名人,japanese,The Master of Go (1951 novel by Yasunari Kawabata),めいじん,meijin,0
学振,japanese,Japan Society for the Promotion of Science (abbr),がくしん,gakushin,0
学振,japanese,JSPS,がくしん,gakushin,0
関学,japanese,Kwansei Gakuin University (abbr),かんがく,kangaku,0
青学,japanese,Aoyama Gakuin University (abbr),あおがく,aogaku,0
学研,japanese,Gakken (publisher),がっけん,gakken,0
学芸,japanese,Tokyo Gakugei University (abbr.),がくげい,gakugei,0
学大,japanese,Tokyo Gakugei University (abbr.),がくだい,gakudai,0
